-- phpMyAdmin SQL Dump
-- version 5.2.1
-- https://www.phpmyadmin.net/
--
-- Host: 127.0.0.1
-- Creato il: Apr 19, 2024 alle 08:23
-- Versione del server: 10.4.32-MariaDB
-- Versione PHP: 8.2.12

SET SQL_MODE = "NO_AUTO_VALUE_ON_ZERO";
START TRANSACTION;
SET time_zone = "+00:00";


/*!40101 SET @OLD_CHARACTER_SET_CLIENT=@@CHARACTER_SET_CLIENT */;
/*!40101 SET @OLD_CHARACTER_SET_RESULTS=@@CHARACTER_SET_RESULTS */;
/*!40101 SET @OLD_COLLATION_CONNECTION=@@COLLATION_CONNECTION */;
/*!40101 SET NAMES utf8mb4 */;

--
-- Database: `school_resources`
--

CREATE DATABASE `school_resources`;
USE `school_resources`;

-- --------------------------------------------------------

--
-- Struttura della tabella `activity`
--

CREATE TABLE `activity` (
  `name` varchar(50) NOT NULL,
  `description` varchar(255) NOT NULL,
  `public` tinyint(1) NOT NULL,
  `teacher_id` int(11) NOT NULL
) ENGINE=InnoDB DEFAULT CHARSET=utf8mb4 COLLATE=utf8mb4_general_ci;

-- --------------------------------------------------------

--
-- Struttura della tabella `admin`
--

CREATE TABLE `admin` (
  `id` int(11) NOT NULL,
  `user_id` varchar(50) NOT NULL
) ENGINE=InnoDB DEFAULT CHARSET=utf8mb4 COLLATE=utf8mb4_general_ci;

--
-- Dump dei dati per la tabella `admin`
--

INSERT INTO `admin` (`id`, `user_id`) VALUES
(0, 'giulio.semenzato@itiszuccante.edu.it');

-- --------------------------------------------------------

--
-- Struttura della tabella `booking`
--

CREATE TABLE `booking` (
  `day_time_id` int(11) NOT NULL,
  `teacher_id` int(11) NOT NULL,
  `room_id` int(11) NOT NULL,
  `activity_id` varchar(50) DEFAULT NULL,
  `reason` varchar(255) NOT NULL
) ENGINE=InnoDB DEFAULT CHARSET=utf8mb4 COLLATE=utf8mb4_general_ci;

-- --------------------------------------------------------

--
-- Struttura della tabella `class`
--

CREATE TABLE `class` (
  `id` int(11) NOT NULL,
  `name` varchar(50) NOT NULL,
  `creation` datetime NOT NULL
) ENGINE=InnoDB DEFAULT CHARSET=utf8mb4 COLLATE=utf8mb4_general_ci;

--
-- Dump dei dati per la tabella `class`
--

INSERT INTO `class` (`id`, `name`, `creation`) VALUES
(0, '1A', '2024-04-15 09:51:51'),
(1, '1B', '2024-04-15 09:51:51'),
(2, '1C', '2024-04-15 09:51:51'),
(3, '1D', '2024-04-15 09:51:51'),
(4, '1E', '2024-04-15 09:51:51'),
(5, '1F', '2024-04-15 09:51:51'),
(6, '1G', '2024-04-15 09:51:51'),
(7, '1H', '2024-04-15 09:51:51'),
(8, '1I', '2024-04-15 09:51:51'),
(9, '1L', '2024-04-15 09:51:51'),
(10, '2A', '2024-04-15 09:51:51'),
(11, '2B', '2024-04-15 09:51:51'),
(12, '2C', '2024-04-15 09:51:51'),
(13, '2D', '2024-04-15 09:51:51'),
(14, '2E', '2024-04-15 09:51:51'),
(15, '2F', '2024-04-15 09:51:51'),
(16, '2G', '2024-04-15 09:51:51'),
(17, '2H', '2024-04-15 09:51:51'),
(18, '2I', '2024-04-15 09:51:51'),
(19, '2L', '2024-04-15 09:51:51'),
(20, '2M', '2024-04-15 09:51:51'),
(21, '3AA', '2024-04-15 09:51:51'),
(22, '3EA', '2024-04-15 09:51:51'),
(23, '3IA', '2024-04-15 09:51:51'),
(24, '3IB', '2024-04-15 09:51:51'),
(25, '3IC', '2024-04-15 09:51:51'),
(26, '3ID', '2024-04-15 09:51:51'),
(27, '3IE', '2024-04-15 09:51:51'),
(28, '4AA', '2024-04-15 09:51:51'),
(29, '4AB', '2024-04-15 09:51:51'),
(30, '4EA', '2024-04-15 09:51:51'),
(31, '4IA', '2024-04-15 09:51:51'),
(32, '4IB', '2024-04-15 09:51:51'),
(33, '4IC', '2024-04-15 09:51:51'),
(34, '4TA', '2024-04-15 09:51:51'),
(35, '5AA', '2024-04-15 09:51:51'),
(36, '5AB', '2024-04-15 09:51:51'),
(37, '5EA', '2024-04-15 09:51:51'),
(38, '5IA', '2024-04-15 09:51:51'),
(39, '5IB', '2024-04-15 09:51:51'),
(40, '5IC', '2024-04-15 09:51:51'),
(41, '5TA', '2024-04-15 09:51:51');

-- --------------------------------------------------------

--
-- Struttura della tabella `class_activity`
--

CREATE TABLE `class_activity` (
  `class_id` int(11) NOT NULL,
  `activity_id` varchar(50) NOT NULL
) ENGINE=InnoDB DEFAULT CHARSET=utf8mb4 COLLATE=utf8mb4_general_ci;

-- --------------------------------------------------------

--
-- Struttura della tabella `day_time`
--

CREATE TABLE `day_time` (
  `id` int(11) NOT NULL,
  `date` date NOT NULL,
  `hour` int(11) NOT NULL
) ENGINE=InnoDB DEFAULT CHARSET=utf8mb4 COLLATE=utf8mb4_general_ci;

-- --------------------------------------------------------

--
-- Struttura della tabella `room`
--

CREATE TABLE `room` (
  `id` int(11) NOT NULL,
  `name` varchar(50) NOT NULL,
  `site` int(11) NOT NULL,
  `number` int(11) DEFAULT NULL
) ENGINE=InnoDB DEFAULT CHARSET=utf8mb4 COLLATE=utf8mb4_general_ci;

--
-- Dump dei dati per la tabella `room`
--

INSERT INTO `room` (`id`, `name`, `site`, `number`) VALUES
(0, 'L.LING.', 0, NULL),
(1, 'LAB.CH.', 0, NULL),
(2, 'LAB.FIS.', 0, NULL),
(3, 'LAP1', 1, NULL),
(4, 'LAP2', 1, NULL),
(5, 'LAS', 1, NULL),
(6, 'LASA', 1, NULL),
(7, 'LEN4', 1, NULL),
(8, 'LEN5', 1, NULL),
(9, 'LLM', 1, NULL),
(10, 'LTD', 0, NULL),
(11, 'LTI', 1, NULL),
(12, 'NAA', 0, NULL),
(13, 'OEN1', 1, NULL),
(14, 'OEN2', 1, NULL),
(15, 'PAL. T.', 1, NULL),
(16, 'PAL.B.', 0, NULL),
(17, 'PAL.H.', 1, NULL),
(18, 'STA', 0, NULL);

-- --------------------------------------------------------

--
-- Struttura della tabella `schedule`
--

CREATE TABLE `schedule` (
  `schedule_time_id` int(11) NOT NULL,
  `teacher_id` int(11) NOT NULL,
  `room_id` int(11) DEFAULT NULL,
  `class_id` int(11) NOT NULL,
  `subject` varchar(20) NOT NULL
) ENGINE=InnoDB DEFAULT CHARSET=utf8mb4 COLLATE=utf8mb4_general_ci;

--
-- Dump dei dati per la tabella `schedule`
--

INSERT INTO `schedule` (`schedule_time_id`, `teacher_id`, `room_id`, `class_id`, `subject`) VALUES
(0, 0, 7, 24, 'TELECOMUNIC.'),
(0, 5, 0, 13, 'GEOGRAFIA'),
(0, 13, 0, 6, 'LETTERE'),
(0, 17, 14, 36, 'ELETTRONICA'),
(0, 18, 1, 3, 'CHIMICA'),
(0, 20, 11, 4, 'TEC.INFORMATICA'),
(0, 21, 0, 20, 'LETTERE'),
(0, 22, 17, 29, 'SC.MOTORIE'),
(0, 24, 0, 14, 'DIRITTO'),
(0, 27, 0, 15, 'FISICA'),
(0, 29, 0, 8, 'TEC.INFORMATICA'),
(0, 33, 5, 26, 'SIST.RETI'),
(0, 37, 4, 23, 'INFORMATICA'),
(0, 39, 15, 28, 'SC.MOTORIE'),
(0, 42, 0, 40, 'MATEMATICA'),
(0, 44, 0, 27, 'MATEMATICA'),
(0, 48, 0, 2, 'LETTERE'),
(0, 49, 11, 4, 'TEC.INFORMATICA'),
(0, 50, 0, 19, 'SC.TERRA-BIOL.'),
(0, 52, 0, 0, 'DIRITTO'),
(0, 54, 7, 24, 'TELECOMUNIC.'),
(0, 55, 12, 11, 'STA'),
(0, 60, 0, 31, 'MATEMATICA'),
(0, 65, 0, 30, 'IRC'),
(0, 65, 0, 34, 'IRC'),
(0, 67, 0, 37, 'LETTERE'),
(0, 67, 0, 41, 'LETTERE'),
(0, 70, 0, 25, 'MATEMATICA'),
(0, 72, 14, 36, 'ELETTRONICA'),
(0, 74, 3, 39, 'INFORMATICA'),
(0, 76, 0, 5, 'LETTERE'),
(0, 77, 0, 17, 'TTRG'),
(0, 78, 0, 32, 'INGLESE'),
(0, 82, 0, 1, 'TTRG'),
(0, 84, 3, 39, 'INFORMATICA'),
(0, 87, 0, 9, 'IRC'),
(0, 88, 4, 23, 'INFORMATICA'),
(0, 89, 0, 38, 'GPOI'),
(0, 90, 9, 33, 'INGLESE'),
(0, 92, 0, 18, 'LETTERE'),
(0, 93, 0, 35, 'LETTERE'),
(0, 94, 1, 3, 'CHIMICA'),
(0, 95, 0, 16, 'FISICA'),
(0, 98, 5, 26, 'SIST.RETI'),
(0, 100, 0, 21, 'INGLESE'),
(0, 102, 0, 10, 'SC.TERRA-BIOL.'),
(0, 104, 0, 22, 'MATEMATICA'),
(0, 105, 0, 7, 'MATEMATICA'),
(0, 106, 0, 12, 'FISICA'),
(1, 0, 7, 24, 'TELECOMUNIC.'),
(1, 3, 0, 3, 'TEC.INFORMATICA'),
(1, 8, 0, 30, 'ELETTRONICA'),
(1, 11, 0, 2, 'IRC'),
(1, 12, 0, 34, 'MATEMATICA'),
(1, 13, 0, 16, 'LETTERE'),
(1, 17, 14, 36, 'ELETTRONICA'),
(1, 18, 1, 0, 'CHIMICA'),
(1, 20, 11, 4, 'TEC.INFORMATICA'),
(1, 21, 0, 20, 'LETTERE'),
(1, 22, 17, 29, 'SC.MOTORIE'),
(1, 26, 10, 17, 'TTRG'),
(1, 27, 0, 19, 'FISICA'),
(1, 33, 5, 26, 'SIST.RETI'),
(1, 37, 4, 23, 'INFORMATICA'),
(1, 39, 15, 28, 'SC.MOTORIE'),
(1, 42, 0, 40, 'MATEMATICA'),
(1, 44, 0, 27, 'MATEMATICA'),
(1, 48, 0, 13, 'LETTERE'),
(1, 49, 11, 4, 'TEC.INFORMATICA'),
(1, 50, 0, 18, 'SC.TERRA-BIOL.'),
(1, 51, 16, 9, 'SC.MOTORIE'),
(1, 54, 7, 24, 'TELECOMUNIC.'),
(1, 55, 12, 11, 'STA'),
(1, 59, 0, 38, 'IRC'),
(1, 60, 0, 31, 'MATEMATICA'),
(1, 62, 2, 6, 'FISICA'),
(1, 65, 0, 38, 'IRC'),
(1, 67, 0, 37, 'LETTERE'),
(1, 67, 0, 41, 'LETTERE'),
(1, 70, 0, 25, 'MATEMATICA'),
(1, 72, 14, 36, 'ELETTRONICA'),
(1, 74, 3, 39, 'INFORMATICA'),
(1, 76, 0, 5, 'LETTERE'),
(1, 77, 10, 17, 'TTRG'),
(1, 78, 0, 32, 'INGLESE'),
(1, 82, 0, 1, 'TTRG'),
(1, 83, 0, 15, 'MATEMATICA'),
(1, 84, 3, 39, 'INFORMATICA'),
(1, 87, 0, 2, 'IRC'),
(1, 88, 4, 23, 'INFORMATICA'),
(1, 90, 0, 33, 'INGLESE'),
(1, 92, 0, 8, 'LETTERE'),
(1, 93, 0, 35, 'LETTERE'),
(1, 94, 1, 0, 'CHIMICA'),
(1, 95, 2, 6, 'FISICA'),
(1, 98, 5, 26, 'SIST.RETI'),
(1, 100, 9, 21, 'INGLESE'),
(1, 101, 0, 12, 'INGLESE'),
(1, 102, 0, 14, 'SC.TERRA-BIOL.'),
(1, 104, 0, 22, 'MATEMATICA'),
(1, 105, 0, 7, 'MATEMATICA'),
(1, 106, 0, 10, 'FISICA'),
(2, 0, 6, 30, 'SIST.AUTOM.'),
(2, 3, 0, 2, 'TEC.INFORMATICA'),
(2, 5, 0, 20, 'GEOGRAFIA'),
(2, 8, 0, 28, 'SIST.AUTOM.'),
(2, 11, 12, 18, 'STA'),
(2, 13, 0, 16, 'LETTERE'),
(2, 16, 3, 33, 'INFORMATICA'),
(2, 17, 14, 36, 'ELETTRONICA'),
(2, 20, 11, 6, 'TEC.INFORMATICA'),
(2, 22, 15, 22, 'SC.MOTORIE'),
(2, 23, 4, 39, 'TPSIT'),
(2, 26, 10, 19, 'TTRG'),
(2, 27, 0, 5, 'FISICA'),
(2, 29, 0, 7, 'TEC.INFORMATICA'),
(2, 30, 9, 38, 'INGLESE'),
(2, 34, 3, 33, 'INFORMATICA'),
(2, 35, 0, 29, 'LETTERE'),
(2, 46, 0, 41, 'TELECOMUNIC.'),
(2, 47, 0, 12, 'IRC'),
(2, 48, 0, 13, 'LETTERE'),
(2, 49, 11, 6, 'TEC.INFORMATICA'),
(2, 50, 0, 1, 'SC.TERRA-BIOL.'),
(2, 51, 16, 9, 'SC.MOTORIE'),
(2, 53, 0, 10, 'INGLESE'),
(2, 55, 0, 17, 'STA'),
(2, 60, 0, 23, 'MATEMATICA'),
(2, 62, 2, 3, 'FISICA'),
(2, 63, 4, 39, 'TPSIT'),
(2, 64, 0, 32, 'MATEMATICA'),
(2, 65, 0, 21, 'IRC'),
(2, 72, 14, 36, 'ELETTRONICA'),
(2, 73, 0, 34, 'INGLESE'),
(2, 74, 0, 21, 'IRC'),
(2, 75, 0, 26, 'LETTERE'),
(2, 76, 0, 0, 'LETTERE'),
(2, 77, 10, 19, 'TTRG'),
(2, 79, 5, 25, 'TPSIT'),
(2, 80, 6, 30, 'SIST.AUTOM.'),
(2, 82, 0, 14, 'TTRG'),
(2, 83, 0, 15, 'MATEMATICA'),
(2, 84, 0, 24, 'INFORMATICA'),
(2, 87, 0, 12, 'IRC'),
(2, 88, 0, 31, 'INFORMATICA'),
(2, 89, 0, 27, 'TPSIT'),
(2, 90, 0, 40, 'INGLESE'),
(2, 92, 0, 8, 'LETTERE'),
(2, 93, 0, 35, 'LETTERE'),
(2, 95, 0, 11, 'FISICA'),
(2, 97, 17, 4, 'SC.MOTORIE'),
(2, 104, 0, 37, 'MATEMATICA'),
(2, 106, 2, 3, 'FISICA'),
(3, 0, 6, 30, 'SIST.AUTOM.'),
(3, 5, 0, 19, 'GEOGRAFIA'),
(3, 11, 12, 18, 'STA'),
(3, 16, 3, 33, 'INFORMATICA'),
(3, 17, 0, 21, 'ELETTRONICA'),
(3, 18, 1, 13, 'CHIMICA'),
(3, 20, 11, 6, 'TEC.INFORMATICA'),
(3, 21, 0, 40, 'LETTERE'),
(3, 22, 15, 22, 'SC.MOTORIE'),
(3, 23, 4, 39, 'TPSIT'),
(3, 24, 0, 15, 'DIRITTO'),
(3, 27, 2, 5, 'FISICA'),
(3, 29, 0, 9, 'TEC.INFORMATICA'),
(3, 30, 0, 38, 'INGLESE'),
(3, 33, 0, 27, 'SIST.RETI'),
(3, 34, 3, 33, 'INFORMATICA'),
(3, 35, 0, 29, 'LETTERE'),
(3, 37, 5, 25, 'TPSIT'),
(3, 42, 0, 12, 'MATEMATICA'),
(3, 44, 0, 8, 'MATEMATICA'),
(3, 45, 8, 41, 'TPSIT'),
(3, 46, 0, 37, 'TPSEE'),
(3, 47, 0, 16, 'CHIMICA'),
(3, 49, 11, 6, 'TEC.INFORMATICA'),
(3, 50, 0, 0, 'IRC'),
(3, 54, 0, 31, 'TELECOMUNIC.'),
(3, 55, 0, 24, 'SIST.RETI'),
(3, 59, 0, 36, 'IRC'),
(3, 62, 2, 5, 'FISICA'),
(3, 63, 4, 39, 'TPSIT'),
(3, 65, 0, 36, 'IRC'),
(3, 70, 0, 14, 'MATEMATICA'),
(3, 72, 8, 41, 'TPSIT'),
(3, 73, 9, 23, 'INGLESE'),
(3, 74, 13, 34, 'INFORMATICA'),
(3, 75, 0, 26, 'LETTERE'),
(3, 76, 0, 10, 'LETTERE'),
(3, 78, 0, 3, 'INGLESE'),
(3, 79, 5, 25, 'TPSIT'),
(3, 80, 6, 30, 'SIST.AUTOM.'),
(3, 82, 0, 11, 'TTRG'),
(3, 87, 0, 0, 'IRC'),
(3, 88, 0, 32, 'TPSIT'),
(3, 89, 13, 34, 'INFORMATICA'),
(3, 93, 0, 28, 'LETTERE'),
(3, 94, 1, 13, 'CHIMICA'),
(3, 95, 0, 1, 'FISICA'),
(3, 97, 17, 4, 'SC.MOTORIE'),
(3, 100, 0, 35, 'INGLESE'),
(3, 101, 0, 7, 'INGLESE'),
(3, 102, 0, 2, 'SC.TERRA-BIOL.'),
(3, 105, 0, 17, 'MATEMATICA'),
(3, 106, 0, 20, 'FISICA'),
(4, 0, 6, 30, 'SIST.AUTOM.'),
(4, 3, 0, 36, 'SIST.AUTOM.'),
(4, 5, 0, 5, 'IRC'),
(4, 8, 0, 37, 'ELETTRONICA'),
(4, 11, 12, 10, 'STA'),
(4, 12, 0, 9, 'MATEMATICA'),
(4, 16, 5, 24, 'TPSIT'),
(4, 17, 0, 21, 'ELETTRONICA'),
(4, 18, 1, 16, 'CHIMICA'),
(4, 21, 0, 40, 'LETTERE'),
(4, 23, 4, 26, 'INFORMATICA'),
(4, 30, 0, 31, 'INGLESE'),
(4, 33, 0, 27, 'SIST.RETI'),
(4, 34, 3, 32, 'INFORMATICA'),
(4, 37, 5, 24, 'TPSIT'),
(4, 42, 0, 2, 'MATEMATICA'),
(4, 44, 0, 8, 'MATEMATICA'),
(4, 45, 8, 41, 'TPSIT'),
(4, 46, 0, 22, 'SIST.AUTOM.'),
(4, 47, 1, 16, 'CHIMICA'),
(4, 48, 0, 12, 'LETTERE'),
(4, 50, 0, 20, 'SC.TERRA-BIOL.'),
(4, 51, 16, 3, 'SC.MOTORIE'),
(4, 52, 0, 18, 'DIRITTO'),
(4, 53, 0, 29, 'INGLESE'),
(4, 54, 0, 25, 'TELECOMUNIC.'),
(4, 55, 0, 39, 'SIST.RETI'),
(4, 60, 0, 38, 'MATEMATICA'),
(4, 63, 3, 32, 'INFORMATICA'),
(4, 64, 0, 33, 'MATEMATICA'),
(4, 72, 8, 41, 'TPSIT'),
(4, 73, 0, 23, 'INGLESE'),
(4, 74, 13, 34, 'INFORMATICA'),
(4, 77, 0, 7, 'TTRG'),
(4, 78, 0, 1, 'INGLESE'),
(4, 79, 4, 26, 'INFORMATICA'),
(4, 80, 6, 30, 'SIST.AUTOM.'),
(4, 82, 0, 11, 'TTRG'),
(4, 83, 0, 6, 'MATEMATICA'),
(4, 87, 0, 5, 'IRC'),
(4, 89, 13, 34, 'INFORMATICA'),
(4, 90, 0, 15, 'INGLESE'),
(4, 93, 0, 28, 'LETTERE'),
(4, 94, 0, 14, 'CHIMICA'),
(4, 97, 17, 0, 'SC.MOTORIE'),
(4, 100, 9, 35, 'INGLESE'),
(4, 101, 0, 19, 'INGLESE'),
(4, 102, 0, 4, 'SC.TERRA-BIOL.'),
(4, 105, 0, 17, 'MATEMATICA'),
(4, 106, 0, 13, 'FISICA'),
(5, 3, 0, 36, 'SIST.AUTOM.'),
(5, 8, 0, 37, 'ELETTRONICA'),
(5, 11, 12, 10, 'STA'),
(5, 12, 0, 9, 'MATEMATICA'),
(5, 16, 5, 24, 'TPSIT'),
(5, 20, 0, 14, 'STA'),
(5, 21, 0, 27, 'LETTERE'),
(5, 23, 4, 26, 'INFORMATICA'),
(5, 24, 0, 4, 'DIRITTO'),
(5, 34, 3, 32, 'INFORMATICA'),
(5, 42, 0, 2, 'MATEMATICA'),
(5, 43, 0, 20, 'DIRITTO'),
(5, 46, 0, 22, 'SIST.AUTOM.'),
(5, 47, 0, 18, 'CHIMICA'),
(5, 48, 0, 12, 'LETTERE'),
(5, 51, 16, 3, 'SC.MOTORIE'),
(5, 63, 3, 32, 'INFORMATICA'),
(5, 65, 0, 39, 'IRC'),
(5, 78, 0, 1, 'INGLESE'),
(5, 79, 4, 26, 'INFORMATICA'),
(5, 83, 0, 16, 'MATEMATICA'),
(5, 90, 0, 5, 'INGLESE'),
(5, 97, 17, 0, 'SC.MOTORIE'),
(5, 100, 9, 28, 'INGLESE'),
(5, 101, 0, 17, 'INGLESE'),
(5, 102, 0, 15, 'SC.TERRA-BIOL.'),
(5, 106, 0, 13, 'FISICA'),
(6, 3, 18, 12, 'STA'),
(6, 8, 6, 28, 'SIST.AUTOM.'),
(6, 9, 6, 28, 'SIST.AUTOM.'),
(6, 10, 5, 23, 'SIST.RETI'),
(6, 11, 3, 40, 'INFORMATICA'),
(6, 13, 0, 6, 'LETTERE'),
(6, 14, 13, 21, 'TPSEE'),
(6, 15, 0, 35, 'ELETTRONICA'),
(6, 17, 0, 29, 'ELETTRONICA'),
(6, 18, 1, 5, 'CHIMICA'),
(6, 19, 0, 9, 'LETTERE'),
(6, 22, 17, 25, 'SC.MOTORIE'),
(6, 24, 0, 7, 'DIRITTO'),
(6, 27, 0, 0, 'FISICA'),
(6, 28, 0, 19, 'LETTERE'),
(6, 29, 11, 8, 'TEC.INFORMATICA'),
(6, 30, 0, 16, 'INGLESE'),
(6, 32, 14, 37, 'TPSEE'),
(6, 38, 0, 11, 'DIRITTO'),
(6, 40, 1, 5, 'CHIMICA'),
(6, 43, 0, 3, 'DIRITTO'),
(6, 45, 0, 34, 'TELECOMUNIC.'),
(6, 46, 14, 37, 'TPSEE'),
(6, 48, 0, 2, 'LETTERE'),
(6, 49, 11, 8, 'TEC.INFORMATICA'),
(6, 50, 0, 17, 'SC.TERRA-BIOL.'),
(6, 51, 16, 13, 'SC.MOTORIE'),
(6, 55, 0, 39, 'SIST.RETI'),
(6, 56, 0, 31, 'LETTERE'),
(6, 57, 0, 4, 'CHIMICA'),
(6, 58, 13, 21, 'TPSEE'),
(6, 60, 0, 38, 'MATEMATICA'),
(6, 61, 7, 27, 'TELECOMUNIC.'),
(6, 64, 0, 18, 'MATEMATICA'),
(6, 65, 0, 32, 'IRC'),
(6, 67, 0, 1, 'LETTERE'),
(6, 68, 0, 33, 'LETTERE'),
(6, 71, 0, 15, 'TTRG'),
(6, 73, 9, 41, 'INGLESE'),
(6, 74, 3, 40, 'INFORMATICA'),
(6, 80, 0, 30, 'SIST.AUTOM.'),
(6, 84, 4, 24, 'INFORMATICA'),
(6, 86, 0, 36, 'LETTERE'),
(6, 92, 0, 22, 'LETTERE'),
(6, 94, 0, 10, 'CHIMICA'),
(6, 95, 0, 14, 'FISICA'),
(6, 98, 5, 23, 'SIST.RETI'),
(6, 99, 7, 27, 'TELECOMUNIC.'),
(6, 103, 4, 24, 'INFORMATICA'),
(6, 104, 0, 20, 'MATEMATICA'),
(6, 105, 0, 26, 'MATEMATICA'),
(7, 3, 18, 12, 'STA'),
(7, 8, 6, 28, 'SIST.AUTOM.'),
(7, 9, 6, 28, 'SIST.AUTOM.'),
(7, 10, 5, 23, 'SIST.RETI'),
(7, 11, 3, 40, 'INFORMATICA'),
(7, 13, 0, 6, 'LETTERE'),
(7, 14, 13, 21, 'TPSEE'),
(7, 15, 0, 29, 'TPSEE'),
(7, 18, 1, 10, 'CHIMICA'),
(7, 19, 0, 9, 'LETTERE'),
(7, 20, 12, 14, 'STA'),
(7, 22, 17, 25, 'SC.MOTORIE'),
(7, 27, 2, 0, 'FISICA'),
(7, 28, 0, 17, 'LETTERE'),
(7, 29, 11, 8, 'TEC.INFORMATICA'),
(7, 30, 0, 16, 'INGLESE'),
(7, 32, 14, 37, 'TPSEE'),
(7, 35, 0, 39, 'LETTERE'),
(7, 40, 0, 5, 'CHIMICA'),
(7, 45, 0, 34, 'TELECOMUNIC.'),
(7, 46, 14, 37, 'TPSEE'),
(7, 48, 0, 2, 'LETTERE'),
(7, 49, 11, 8, 'TEC.INFORMATICA'),
(7, 50, 0, 11, 'SC.TERRA-BIOL.'),
(7, 51, 16, 13, 'SC.MOTORIE'),
(7, 56, 0, 31, 'LETTERE'),
(7, 57, 0, 19, 'CHIMICA'),
(7, 58, 13, 21, 'TPSEE'),
(7, 60, 0, 38, 'MATEMATICA'),
(7, 61, 7, 27, 'TELECOMUNIC.'),
(7, 62, 2, 0, 'FISICA'),
(7, 63, 0, 32, 'INFORMATICA'),
(7, 64, 0, 18, 'MATEMATICA'),
(7, 65, 0, 35, 'IRC'),
(7, 67, 0, 1, 'LETTERE'),
(7, 68, 0, 33, 'LETTERE'),
(7, 71, 10, 15, 'TTRG'),
(7, 72, 18, 12, 'STA'),
(7, 73, 0, 41, 'INGLESE'),
(7, 74, 3, 40, 'INFORMATICA'),
(7, 75, 0, 7, 'LETTERE'),
(7, 80, 0, 35, 'IRC'),
(7, 84, 4, 24, 'INFORMATICA'),
(7, 86, 0, 36, 'LETTERE'),
(7, 92, 0, 22, 'LETTERE'),
(7, 94, 1, 10, 'CHIMICA'),
(7, 95, 0, 4, 'FISICA'),
(7, 96, 10, 15, 'TTRG'),
(7, 98, 5, 23, 'SIST.RETI'),
(7, 99, 7, 27, 'TELECOMUNIC.'),
(7, 101, 0, 30, 'INGLESE'),
(7, 103, 4, 24, 'INFORMATICA'),
(7, 104, 0, 20, 'MATEMATICA'),
(7, 105, 0, 26, 'MATEMATICA'),
(7, 106, 0, 3, 'FISICA'),
(8, 3, 18, 13, 'STA'),
(8, 7, 8, 41, 'TELECOMUNIC.'),
(8, 8, 6, 28, 'SIST.AUTOM.'),
(8, 9, 6, 28, 'SIST.AUTOM.'),
(8, 10, 5, 31, 'SIST.RETI'),
(8, 13, 0, 16, 'LETTERE'),
(8, 14, 13, 21, 'TPSEE'),
(8, 16, 0, 26, 'TPSIT'),
(8, 17, 0, 36, 'ELETTRONICA'),
(8, 20, 11, 1, 'TEC.INFORMATICA'),
(8, 22, 15, 30, 'SC.MOTORIE'),
(8, 22, 15, 34, 'SC.MOTORIE'),
(8, 25, 0, 35, 'MATEMATICA'),
(8, 28, 0, 19, 'LETTERE'),
(8, 39, 16, 18, 'SC.MOTORIE'),
(8, 42, 0, 12, 'MATEMATICA'),
(8, 43, 0, 6, 'DIRITTO'),
(8, 45, 0, 22, 'TPSEE'),
(8, 46, 8, 41, 'TELECOMUNIC.'),
(8, 49, 11, 1, 'TEC.INFORMATICA'),
(8, 50, 0, 3, 'SC.TERRA-BIOL.'),
(8, 53, 0, 2, 'INGLESE'),
(8, 54, 7, 33, 'TELECOMUNIC.'),
(8, 55, 0, 24, 'SIST.RETI'),
(8, 58, 13, 21, 'TPSEE'),
(8, 59, 10, 10, 'TTRG'),
(8, 60, 0, 23, 'MATEMATICA'),
(8, 62, 2, 4, 'FISICA'),
(8, 63, 0, 40, 'TPSIT'),
(8, 67, 0, 11, 'LETTERE'),
(8, 68, 0, 25, 'LETTERE'),
(8, 69, 0, 8, 'INGLESE'),
(8, 70, 0, 14, 'MATEMATICA'),
(8, 72, 18, 13, 'STA'),
(8, 73, 0, 27, 'INGLESE'),
(8, 74, 3, 38, 'INFORMATICA'),
(8, 75, 0, 7, 'LETTERE'),
(8, 80, 0, 29, 'SIST.AUTOM.'),
(8, 87, 0, 17, 'IRC'),
(8, 88, 4, 32, 'TPSIT'),
(8, 89, 0, 15, 'STA'),
(8, 91, 3, 38, 'INFORMATICA'),
(8, 94, 0, 0, 'CHIMICA'),
(8, 95, 2, 4, 'FISICA'),
(8, 96, 10, 10, 'TTRG'),
(8, 98, 5, 31, 'SIST.RETI'),
(8, 99, 7, 33, 'TELECOMUNIC.'),
(8, 100, 0, 17, 'IRC'),
(8, 101, 9, 37, 'INGLESE'),
(8, 102, 0, 5, 'SC.TERRA-BIOL.'),
(8, 103, 4, 32, 'TPSIT'),
(8, 105, 0, 39, 'MATEMATICA'),
(8, 106, 0, 9, 'FISICA'),
(8, 107, 0, 20, 'INGLESE'),
(9, 7, 8, 41, 'TELECOMUNIC.'),
(9, 10, 5, 31, 'SIST.RETI'),
(9, 11, 0, 27, 'INFORMATICA'),
(9, 13, 0, 16, 'LETTERE'),
(9, 15, 0, 28, 'ELETTRONICA'),
(9, 18, 1, 20, 'CHIMICA'),
(9, 20, 11, 1, 'TEC.INFORMATICA'),
(9, 22, 15, 30, 'SC.MOTORIE'),
(9, 22, 15, 34, 'SC.MOTORIE'),
(9, 25, 0, 35, 'MATEMATICA'),
(9, 27, 2, 15, 'FISICA'),
(9, 35, 0, 29, 'LETTERE'),
(9, 36, 0, 21, 'SIST.AUTOM.'),
(9, 39, 16, 18, 'SC.MOTORIE'),
(9, 40, 0, 2, 'CHIMICA'),
(9, 42, 0, 40, 'MATEMATICA'),
(9, 43, 0, 17, 'DIRITTO'),
(9, 45, 0, 22, 'TPSEE'),
(9, 46, 8, 41, 'TELECOMUNIC.'),
(9, 49, 11, 1, 'TEC.INFORMATICA'),
(9, 50, 0, 7, 'SC.TERRA-BIOL.'),
(9, 54, 7, 33, 'TELECOMUNIC.'),
(9, 56, 0, 3, 'LETTERE'),
(9, 59, 0, 10, 'TTRG'),
(9, 60, 0, 23, 'MATEMATICA'),
(9, 61, 0, 36, 'TPSEE'),
(9, 62, 2, 15, 'FISICA'),
(9, 64, 0, 19, 'MATEMATICA'),
(9, 67, 0, 11, 'LETTERE'),
(9, 68, 0, 25, 'LETTERE'),
(9, 69, 9, 24, 'INGLESE'),
(9, 70, 0, 14, 'MATEMATICA'),
(9, 71, 10, 12, 'TTRG'),
(9, 72, 6, 37, 'SIST.AUTOM.'),
(9, 74, 3, 38, 'INFORMATICA'),
(9, 78, 0, 6, 'IRC'),
(9, 80, 6, 37, 'SIST.AUTOM.'),
(9, 84, 0, 39, 'INFORMATICA'),
(9, 86, 0, 4, 'LETTERE'),
(9, 87, 0, 6, 'IRC'),
(9, 88, 4, 32, 'TPSIT'),
(9, 89, 0, 5, 'TEC.INFORMATICA'),
(9, 90, 0, 26, 'INGLESE'),
(9, 91, 3, 38, 'INFORMATICA'),
(9, 92, 0, 8, 'LETTERE'),
(9, 94, 1, 20, 'CHIMICA'),
(9, 96, 10, 12, 'TTRG'),
(9, 98, 5, 31, 'SIST.RETI'),
(9, 99, 7, 33, 'TELECOMUNIC.'),
(9, 100, 0, 9, 'INGLESE'),
(9, 102, 0, 0, 'SC.TERRA-BIOL.'),
(9, 103, 4, 32, 'TPSIT'),
(9, 104, 0, 13, 'MATEMATICA'),
(10, 2, 15, 40, 'SC.MOTORIE'),
(10, 4, 17, 23, 'SC.MOTORIE'),
(10, 6, 0, 5, 'MATEMATICA'),
(10, 7, 13, 35, 'TPSEE'),
(10, 12, 0, 41, 'MATEMATICA'),
(10, 14, 13, 35, 'TPSEE'),
(10, 15, 0, 28, 'ELETTRONICA'),
(10, 16, 0, 25, 'INFORMATICA'),
(10, 18, 1, 15, 'CHIMICA'),
(10, 21, 0, 27, 'LETTERE'),
(10, 23, 4, 38, 'TPSIT'),
(10, 31, 0, 8, 'SC.TERRA-BIOL.'),
(10, 34, 3, 31, 'INFORMATICA'),
(10, 35, 0, 39, 'LETTERE'),
(10, 36, 0, 22, 'ELETTRONICA'),
(10, 38, 0, 1, 'DIRITTO'),
(10, 39, 16, 2, 'SC.MOTORIE'),
(10, 40, 1, 15, 'CHIMICA'),
(10, 42, 0, 29, 'MATEMATICA'),
(10, 47, 0, 6, 'CHIMICA'),
(10, 53, 0, 10, 'INGLESE'),
(10, 54, 7, 32, 'TELECOMUNIC.'),
(10, 55, 2, 17, 'FISICA'),
(10, 56, 0, 3, 'LETTERE'),
(10, 59, 0, 0, 'TTRG'),
(10, 61, 0, 36, 'TPSEE'),
(10, 62, 2, 17, 'FISICA'),
(10, 63, 4, 38, 'TPSIT'),
(10, 64, 0, 19, 'MATEMATICA'),
(10, 69, 0, 24, 'INGLESE'),
(10, 71, 0, 12, 'TTRG'),
(10, 72, 6, 37, 'SIST.AUTOM.'),
(10, 73, 0, 14, 'INGLESE'),
(10, 75, 0, 30, 'LETTERE'),
(10, 75, 0, 34, 'LETTERE'),
(10, 78, 0, 11, 'INGLESE'),
(10, 80, 6, 37, 'SIST.AUTOM.'),
(10, 86, 0, 4, 'LETTERE'),
(10, 88, 3, 31, 'INFORMATICA'),
(10, 89, 12, 16, 'STA'),
(10, 90, 9, 26, 'INGLESE'),
(10, 91, 0, 33, 'SIST.RETI'),
(10, 92, 0, 18, 'LETTERE'),
(10, 93, 0, 21, 'LETTERE'),
(10, 94, 0, 20, 'CHIMICA'),
(10, 99, 7, 32, 'TELECOMUNIC.'),
(10, 100, 0, 9, 'INGLESE'),
(10, 101, 0, 7, 'INGLESE'),
(10, 104, 0, 13, 'MATEMATICA'),
(11, 2, 15, 40, 'SC.MOTORIE'),
(11, 4, 17, 23, 'SC.MOTORIE'),
(11, 6, 0, 5, 'MATEMATICA'),
(11, 7, 13, 35, 'TPSEE'),
(11, 12, 0, 41, 'MATEMATICA'),
(11, 14, 13, 35, 'TPSEE'),
(11, 16, 0, 33, 'INFORMATICA'),
(11, 21, 0, 27, 'LETTERE'),
(11, 23, 4, 38, 'TPSIT'),
(11, 25, 0, 28, 'MATEMATICA'),
(11, 31, 0, 6, 'SC.TERRA-BIOL.'),
(11, 34, 3, 31, 'INFORMATICA'),
(11, 36, 0, 22, 'ELETTRONICA'),
(11, 39, 16, 2, 'SC.MOTORIE'),
(11, 40, 0, 15, 'CHIMICA'),
(11, 42, 0, 29, 'MATEMATICA'),
(11, 46, 0, 7, 'FISICA'),
(11, 47, 0, 8, 'CHIMICA'),
(11, 50, 0, 20, 'SC.TERRA-BIOL.'),
(11, 52, 0, 19, 'DIRITTO'),
(11, 53, 0, 0, 'INGLESE'),
(11, 54, 7, 32, 'TELECOMUNIC.'),
(11, 55, 0, 17, 'FISICA'),
(11, 63, 4, 38, 'TPSIT'),
(11, 72, 6, 37, 'SIST.AUTOM.'),
(11, 73, 0, 13, 'INGLESE'),
(11, 75, 0, 30, 'LETTERE'),
(11, 75, 0, 34, 'LETTERE'),
(11, 78, 0, 11, 'INGLESE'),
(11, 80, 6, 37, 'SIST.AUTOM.'),
(11, 86, 0, 14, 'LETTERE'),
(11, 87, 0, 10, 'IRC'),
(11, 88, 3, 31, 'INFORMATICA'),
(11, 89, 12, 16, 'STA'),
(11, 90, 0, 25, 'INGLESE'),
(11, 93, 0, 21, 'LETTERE'),
(11, 99, 7, 32, 'TELECOMUNIC.'),
(11, 100, 0, 18, 'INGLESE'),
(11, 101, 0, 12, 'INGLESE'),
(11, 104, 0, 3, 'MATEMATICA'),
(11, 107, 0, 4, 'INGLESE'),
(12, 0, 13, 28, 'TPSEE'),
(12, 9, 8, 35, 'ELETTRONICA'),
(12, 11, 0, 40, 'INFORMATICA'),
(12, 14, 13, 28, 'TPSEE'),
(12, 15, 8, 35, 'ELETTRONICA'),
(12, 16, 0, 25, 'INFORMATICA'),
(12, 17, 0, 29, 'ELETTRONICA'),
(12, 20, 0, 1, 'TEC.INFORMATICA'),
(12, 21, 0, 27, 'LETTERE'),
(12, 22, 15, 39, 'SC.MOTORIE'),
(12, 24, 0, 4, 'DIRITTO'),
(12, 25, 0, 11, 'MATEMATICA'),
(12, 27, 2, 8, 'FISICA'),
(12, 28, 0, 32, 'LETTERE'),
(12, 29, 0, 30, 'TPSEE'),
(12, 34, 3, 31, 'INFORMATICA'),
(12, 35, 0, 24, 'LETTERE'),
(12, 38, 0, 9, 'DIRITTO'),
(12, 39, 16, 17, 'SC.MOTORIE'),
(12, 40, 0, 12, 'CHIMICA'),
(12, 45, 7, 26, 'TELECOMUNIC.'),
(12, 51, 17, 36, 'SC.MOTORIE'),
(12, 52, 0, 10, 'DIRITTO'),
(12, 61, 0, 34, 'SIST.RETI'),
(12, 62, 2, 8, 'FISICA'),
(12, 64, 0, 33, 'MATEMATICA'),
(12, 65, 0, 22, 'IRC'),
(12, 67, 0, 37, 'LETTERE'),
(12, 67, 0, 41, 'LETTERE'),
(12, 70, 0, 14, 'MATEMATICA'),
(12, 71, 10, 3, 'TTRG'),
(12, 73, 0, 13, 'INGLESE'),
(12, 76, 0, 5, 'LETTERE'),
(12, 77, 0, 19, 'TTRG'),
(12, 79, 12, 20, 'STA'),
(12, 82, 0, 16, 'TTRG'),
(12, 83, 0, 15, 'MATEMATICA'),
(12, 84, 5, 23, 'TPSIT'),
(12, 88, 3, 31, 'INFORMATICA'),
(12, 89, 9, 38, 'GPOI'),
(12, 92, 0, 18, 'LETTERE'),
(12, 94, 0, 0, 'CHIMICA'),
(12, 95, 0, 6, 'FISICA'),
(12, 96, 10, 3, 'TTRG'),
(12, 99, 7, 26, 'TELECOMUNIC.'),
(12, 100, 0, 21, 'INGLESE'),
(12, 103, 9, 38, 'GPOI'),
(12, 105, 0, 7, 'MATEMATICA'),
(12, 106, 0, 2, 'FISICA'),
(13, 0, 13, 28, 'TPSEE'),
(13, 7, 6, 21, 'SIST.AUTOM.'),
(13, 8, 0, 30, 'ELETTRONICA'),
(13, 9, 8, 35, 'ELETTRONICA'),
(13, 11, 4, 27, 'INFORMATICA'),
(13, 14, 13, 28, 'TPSEE'),
(13, 15, 8, 35, 'ELETTRONICA'),
(13, 17, 0, 29, 'ELETTRONICA'),
(13, 18, 1, 2, 'CHIMICA'),
(13, 20, 0, 6, 'TEC.INFORMATICA'),
(13, 21, 0, 40, 'LETTERE'),
(13, 22, 15, 39, 'SC.MOTORIE'),
(13, 23, 4, 27, 'INFORMATICA'),
(13, 25, 0, 11, 'MATEMATICA'),
(13, 27, 0, 8, 'FISICA'),
(13, 28, 0, 32, 'LETTERE'),
(13, 34, 3, 31, 'INFORMATICA'),
(13, 35, 0, 24, 'LETTERE'),
(13, 36, 6, 21, 'SIST.AUTOM.'),
(13, 39, 16, 17, 'SC.MOTORIE'),
(13, 40, 1, 2, 'CHIMICA'),
(13, 45, 7, 26, 'TELECOMUNIC.'),
(13, 51, 17, 36, 'SC.MOTORIE'),
(13, 52, 0, 0, 'DIRITTO'),
(13, 59, 10, 9, 'TTRG'),
(13, 60, 0, 10, 'MATEMATICA'),
(13, 61, 0, 34, 'SIST.RETI'),
(13, 62, 2, 12, 'FISICA'),
(13, 64, 0, 33, 'MATEMATICA'),
(13, 65, 0, 25, 'IRC'),
(13, 67, 0, 37, 'LETTERE'),
(13, 67, 0, 41, 'LETTERE'),
(13, 70, 0, 4, 'MATEMATICA'),
(13, 72, 0, 25, 'IRC'),
(13, 73, 0, 14, 'INGLESE'),
(13, 74, 5, 23, 'TPSIT'),
(13, 76, 0, 5, 'LETTERE'),
(13, 77, 0, 19, 'TTRG'),
(13, 79, 12, 20, 'STA'),
(13, 82, 0, 16, 'TTRG'),
(13, 83, 0, 15, 'MATEMATICA'),
(13, 84, 5, 23, 'TPSIT'),
(13, 88, 3, 31, 'INFORMATICA'),
(13, 89, 9, 38, 'GPOI'),
(13, 92, 0, 18, 'LETTERE'),
(13, 94, 0, 13, 'CHIMICA'),
(13, 95, 0, 1, 'FISICA'),
(13, 96, 10, 9, 'TTRG'),
(13, 99, 7, 26, 'TELECOMUNIC.'),
(13, 100, 0, 22, 'INGLESE'),
(13, 103, 9, 38, 'GPOI'),
(13, 104, 0, 3, 'MATEMATICA'),
(13, 105, 0, 7, 'MATEMATICA'),
(13, 106, 2, 12, 'FISICA'),
(14, 0, 13, 28, 'TPSEE'),
(14, 4, 16, 20, 'SC.MOTORIE'),
(14, 7, 6, 21, 'SIST.AUTOM.'),
(14, 8, 0, 30, 'ELETTRONICA'),
(14, 9, 8, 35, 'ELETTRONICA'),
(14, 11, 4, 27, 'INFORMATICA'),
(14, 12, 0, 34, 'MATEMATICA'),
(14, 14, 13, 28, 'TPSEE'),
(14, 15, 8, 35, 'ELETTRONICA'),
(14, 16, 3, 33, 'INFORMATICA'),
(14, 18, 1, 11, 'CHIMICA'),
(14, 21, 0, 40, 'LETTERE'),
(14, 22, 15, 24, 'SC.MOTORIE'),
(14, 23, 4, 27, 'INFORMATICA'),
(14, 24, 0, 5, 'DIRITTO'),
(14, 25, 0, 1, 'MATEMATICA'),
(14, 34, 3, 33, 'INFORMATICA'),
(14, 35, 0, 29, 'LETTERE'),
(14, 36, 6, 21, 'SIST.AUTOM.'),
(14, 39, 17, 7, 'SC.MOTORIE'),
(14, 40, 1, 11, 'CHIMICA'),
(14, 47, 0, 17, 'CHIMICA'),
(14, 48, 0, 2, 'LETTERE'),
(14, 53, 0, 36, 'INGLESE'),
(14, 54, 7, 25, 'TELECOMUNIC.'),
(14, 56, 0, 37, 'IRC'),
(14, 56, 0, 41, 'IRC'),
(14, 59, 0, 9, 'TTRG'),
(14, 60, 0, 10, 'MATEMATICA'),
(14, 62, 2, 16, 'FISICA'),
(14, 63, 0, 38, 'TPSIT'),
(14, 64, 0, 32, 'MATEMATICA'),
(14, 65, 0, 37, 'IRC'),
(14, 65, 0, 41, 'IRC'),
(14, 68, 0, 15, 'LETTERE'),
(14, 71, 0, 13, 'TTRG'),
(14, 74, 5, 31, 'TPSIT'),
(14, 75, 0, 26, 'LETTERE'),
(14, 76, 0, 0, 'LETTERE'),
(14, 77, 10, 18, 'TTRG'),
(14, 78, 0, 39, 'INGLESE'),
(14, 79, 0, 19, 'STA'),
(14, 83, 0, 6, 'MATEMATICA'),
(14, 84, 5, 31, 'TPSIT'),
(14, 86, 0, 4, 'LETTERE'),
(14, 88, 0, 23, 'INFORMATICA'),
(14, 92, 0, 8, 'LETTERE'),
(14, 94, 0, 14, 'CHIMICA'),
(14, 95, 2, 16, 'FISICA'),
(14, 96, 10, 18, 'TTRG'),
(14, 99, 7, 25, 'TELECOMUNIC.'),
(14, 100, 9, 22, 'INGLESE'),
(14, 104, 0, 3, 'MATEMATICA'),
(14, 106, 0, 12, 'FISICA'),
(15, 4, 16, 20, 'SC.MOTORIE'),
(15, 5, 0, 14, 'GEOGRAFIA'),
(15, 9, 0, 23, 'IRC'),
(15, 12, 0, 34, 'MATEMATICA'),
(15, 15, 0, 29, 'TPSEE'),
(15, 16, 3, 33, 'INFORMATICA'),
(15, 17, 14, 21, 'ELETTRONICA'),
(15, 18, 1, 17, 'CHIMICA'),
(15, 22, 15, 24, 'SC.MOTORIE'),
(15, 25, 0, 1, 'MATEMATICA'),
(15, 27, 2, 19, 'FISICA'),
(15, 29, 11, 9, 'TEC.INFORMATICA'),
(15, 30, 0, 6, 'INGLESE'),
(15, 34, 3, 33, 'INFORMATICA'),
(15, 35, 0, 39, 'LETTERE'),
(15, 38, 0, 12, 'DIRITTO'),
(15, 39, 17, 7, 'SC.MOTORIE'),
(15, 45, 0, 41, 'TPSIT'),
(15, 47, 1, 17, 'CHIMICA'),
(15, 52, 0, 8, 'DIRITTO'),
(15, 53, 9, 36, 'INGLESE'),
(15, 54, 7, 25, 'TELECOMUNIC.'),
(15, 60, 0, 0, 'MATEMATICA'),
(15, 61, 0, 27, 'TELECOMUNIC.'),
(15, 62, 2, 19, 'FISICA'),
(15, 63, 0, 40, 'TPSIT'),
(15, 64, 0, 32, 'MATEMATICA'),
(15, 65, 0, 23, 'IRC'),
(15, 67, 0, 11, 'LETTERE'),
(15, 68, 0, 15, 'LETTERE'),
(15, 70, 0, 30, 'MATEMATICA'),
(15, 71, 10, 13, 'TTRG'),
(15, 72, 14, 21, 'ELETTRONICA'),
(15, 74, 5, 31, 'TPSIT'),
(15, 75, 0, 26, 'LETTERE'),
(15, 76, 0, 10, 'LETTERE'),
(15, 77, 0, 18, 'TTRG'),
(15, 83, 0, 16, 'MATEMATICA'),
(15, 84, 5, 31, 'TPSIT'),
(15, 86, 0, 4, 'LETTERE'),
(15, 90, 0, 5, 'INGLESE'),
(15, 91, 0, 38, 'INFORMATICA'),
(15, 92, 0, 22, 'LETTERE'),
(15, 93, 0, 28, 'LETTERE'),
(15, 94, 0, 3, 'CHIMICA'),
(15, 96, 10, 13, 'TTRG'),
(15, 99, 7, 25, 'TELECOMUNIC.'),
(15, 100, 0, 35, 'INGLESE'),
(15, 102, 0, 2, 'SC.TERRA-BIOL.'),
(15, 103, 11, 9, 'TEC.INFORMATICA'),
(15, 104, 0, 37, 'MATEMATICA'),
(16, 0, 7, 23, 'TELECOMUNIC.'),
(16, 4, 16, 19, 'SC.MOTORIE'),
(16, 5, 0, 12, 'GEOGRAFIA'),
(16, 7, 8, 41, 'TELECOMUNIC.'),
(16, 9, 13, 36, 'TPSEE'),
(16, 10, 0, 38, 'SIST.RETI'),
(16, 12, 0, 24, 'MATEMATICA'),
(16, 16, 3, 26, 'TPSIT'),
(16, 17, 14, 21, 'ELETTRONICA'),
(16, 21, 0, 20, 'LETTERE'),
(16, 23, 4, 33, 'TPSIT'),
(16, 27, 2, 18, 'FISICA'),
(16, 29, 11, 9, 'TEC.INFORMATICA'),
(16, 30, 0, 6, 'INGLESE'),
(16, 38, 0, 2, 'DIRITTO'),
(16, 46, 8, 41, 'TELECOMUNIC.'),
(16, 47, 0, 7, 'CHIMICA'),
(16, 48, 0, 13, 'LETTERE'),
(16, 53, 9, 29, 'INGLESE'),
(16, 54, 7, 23, 'TELECOMUNIC.'),
(16, 56, 0, 31, 'LETTERE'),
(16, 60, 0, 0, 'MATEMATICA'),
(16, 61, 13, 36, 'TPSEE'),
(16, 62, 2, 18, 'FISICA'),
(16, 63, 0, 32, 'INFORMATICA'),
(16, 65, 0, 27, 'IRC'),
(16, 67, 0, 1, 'LETTERE'),
(16, 70, 0, 25, 'MATEMATICA'),
(16, 71, 10, 5, 'TTRG'),
(16, 72, 14, 21, 'ELETTRONICA'),
(16, 74, 3, 26, 'TPSIT'),
(16, 75, 0, 30, 'LETTERE'),
(16, 75, 0, 34, 'LETTERE'),
(16, 77, 0, 8, 'TTRG'),
(16, 84, 0, 39, 'INFORMATICA'),
(16, 86, 0, 14, 'LETTERE'),
(16, 87, 0, 4, 'IRC'),
(16, 88, 4, 33, 'TPSIT'),
(16, 90, 0, 15, 'INGLESE'),
(16, 91, 5, 40, 'SIST.RETI'),
(16, 92, 0, 22, 'LETTERE'),
(16, 93, 0, 28, 'LETTERE'),
(16, 94, 0, 10, 'CHIMICA'),
(16, 95, 0, 11, 'FISICA'),
(16, 96, 10, 5, 'TTRG'),
(16, 97, 17, 35, 'SC.MOTORIE'),
(16, 98, 5, 40, 'SIST.RETI'),
(16, 102, 0, 16, 'SC.TERRA-BIOL.'),
(16, 103, 11, 9, 'TEC.INFORMATICA'),
(16, 104, 0, 37, 'MATEMATICA'),
(16, 105, 0, 17, 'MATEMATICA'),
(16, 106, 0, 3, 'FISICA'),
(17, 0, 7, 23, 'TELECOMUNIC.'),
(17, 4, 16, 19, 'SC.MOTORIE'),
(17, 5, 0, 16, 'GEOGRAFIA'),
(17, 7, 8, 41, 'TELECOMUNIC.'),
(17, 9, 13, 36, 'TPSEE'),
(17, 10, 0, 39, 'GPOI'),
(17, 16, 3, 26, 'TPSIT'),
(17, 17, 14, 21, 'ELETTRONICA'),
(17, 21, 0, 20, 'LETTERE'),
(17, 23, 4, 33, 'TPSIT'),
(17, 27, 0, 18, 'FISICA'),
(17, 46, 8, 41, 'TELECOMUNIC.'),
(17, 47, 0, 6, 'CHIMICA'),
(17, 48, 0, 12, 'LETTERE'),
(17, 53, 0, 29, 'INGLESE'),
(17, 54, 7, 23, 'TELECOMUNIC.'),
(17, 56, 0, 31, 'LETTERE'),
(17, 61, 13, 36, 'TPSEE'),
(17, 67, 0, 11, 'LETTERE'),
(17, 71, 0, 5, 'TTRG'),
(17, 72, 14, 21, 'ELETTRONICA'),
(17, 75, 0, 30, 'LETTERE'),
(17, 75, 0, 34, 'LETTERE'),
(17, 78, 9, 32, 'INGLESE'),
(17, 86, 0, 14, 'LETTERE'),
(17, 87, 0, 7, 'IRC'),
(17, 88, 4, 33, 'TPSIT'),
(17, 91, 5, 40, 'SIST.RETI'),
(17, 93, 0, 28, 'LETTERE'),
(17, 97, 17, 35, 'SC.MOTORIE'),
(17, 98, 5, 40, 'SIST.RETI'),
(17, 102, 0, 10, 'SC.TERRA-BIOL.'),
(17, 105, 0, 17, 'MATEMATICA'),
(17, 106, 0, 9, 'FISICA'),
(18, 0, 14, 29, 'ELETTRONICA'),
(18, 3, 6, 36, 'SIST.AUTOM.'),
(18, 5, 0, 18, 'GEOGRAFIA'),
(18, 10, 0, 23, 'SIST.RETI'),
(18, 12, 0, 9, 'MATEMATICA'),
(18, 14, 0, 35, 'TPSEE'),
(18, 16, 4, 25, 'INFORMATICA'),
(18, 17, 14, 29, 'ELETTRONICA'),
(18, 20, 12, 14, 'STA'),
(18, 24, 0, 5, 'DIRITTO'),
(18, 27, 0, 19, 'FISICA'),
(18, 32, 13, 22, 'TPSEE'),
(18, 34, 3, 32, 'INFORMATICA'),
(18, 35, 0, 24, 'LETTERE'),
(18, 39, 17, 38, 'SC.MOTORIE'),
(18, 40, 0, 15, 'CHIMICA'),
(18, 42, 0, 2, 'MATEMATICA'),
(18, 44, 0, 8, 'MATEMATICA'),
(18, 45, 13, 22, 'TPSEE'),
(18, 47, 0, 7, 'CHIMICA'),
(18, 48, 0, 12, 'LETTERE'),
(18, 49, 11, 0, 'TEC.INFORMATICA'),
(18, 50, 0, 13, 'SC.TERRA-BIOL.'),
(18, 55, 0, 17, 'FISICA'),
(18, 58, 6, 36, 'SIST.AUTOM.'),
(18, 59, 0, 10, 'TTRG'),
(18, 60, 0, 31, 'MATEMATICA'),
(18, 61, 0, 41, 'SIST.RETI'),
(18, 63, 3, 32, 'INFORMATICA'),
(18, 67, 0, 1, 'LETTERE'),
(18, 68, 0, 33, 'LETTERE'),
(18, 73, 9, 34, 'INGLESE'),
(18, 75, 0, 26, 'LETTERE'),
(18, 79, 11, 0, 'TEC.INFORMATICA'),
(18, 80, 0, 30, 'SIST.AUTOM.'),
(18, 82, 0, 6, 'TTRG'),
(18, 83, 0, 16, 'MATEMATICA'),
(18, 87, 0, 11, 'IRC'),
(18, 89, 5, 27, 'TPSIT'),
(18, 90, 0, 40, 'INGLESE'),
(18, 93, 0, 21, 'LETTERE'),
(18, 100, 0, 28, 'INGLESE'),
(18, 101, 0, 37, 'INGLESE'),
(18, 103, 4, 25, 'INFORMATICA'),
(18, 104, 0, 3, 'MATEMATICA'),
(18, 105, 0, 39, 'MATEMATICA'),
(18, 106, 0, 20, 'FISICA'),
(18, 107, 0, 4, 'INGLESE'),
(19, 0, 14, 29, 'ELETTRONICA'),
(19, 3, 6, 36, 'SIST.AUTOM.'),
(19, 5, 0, 10, 'GEOGRAFIA'),
(19, 12, 0, 9, 'MATEMATICA'),
(19, 13, 0, 6, 'LETTERE'),
(19, 16, 4, 25, 'INFORMATICA'),
(19, 17, 14, 29, 'ELETTRONICA'),
(19, 25, 0, 35, 'MATEMATICA'),
(19, 27, 0, 5, 'FISICA'),
(19, 28, 0, 17, 'LETTERE'),
(19, 32, 13, 22, 'TPSEE'),
(19, 34, 3, 32, 'INFORMATICA'),
(19, 35, 0, 24, 'LETTERE'),
(19, 37, 5, 27, 'TPSIT'),
(19, 39, 17, 38, 'SC.MOTORIE'),
(19, 42, 0, 2, 'MATEMATICA'),
(19, 44, 0, 8, 'MATEMATICA'),
(19, 45, 13, 22, 'TPSEE'),
(19, 47, 0, 18, 'CHIMICA'),
(19, 48, 0, 12, 'LETTERE'),
(19, 49, 11, 0, 'TEC.INFORMATICA'),
(19, 50, 0, 7, 'SC.TERRA-BIOL.'),
(19, 54, 0, 23, 'TELECOMUNIC.'),
(19, 56, 0, 3, 'LETTERE'),
(19, 58, 6, 36, 'SIST.AUTOM.'),
(19, 60, 0, 31, 'MATEMATICA'),
(19, 61, 0, 41, 'SIST.RETI'),
(19, 62, 2, 20, 'FISICA'),
(19, 63, 3, 32, 'INFORMATICA'),
(19, 64, 0, 19, 'MATEMATICA'),
(19, 67, 0, 11, 'LETTERE'),
(19, 68, 0, 33, 'LETTERE'),
(19, 70, 0, 30, 'MATEMATICA'),
(19, 71, 0, 15, 'TTRG'),
(19, 73, 0, 34, 'INGLESE'),
(19, 75, 0, 26, 'LETTERE'),
(19, 79, 11, 0, 'TEC.INFORMATICA'),
(19, 83, 0, 16, 'MATEMATICA'),
(19, 86, 0, 1, 'IRC'),
(19, 87, 0, 1, 'IRC'),
(19, 89, 5, 27, 'TPSIT'),
(19, 90, 9, 40, 'INGLESE'),
(19, 93, 0, 21, 'LETTERE'),
(19, 97, 16, 14, 'SC.MOTORIE'),
(19, 100, 0, 28, 'INGLESE'),
(19, 101, 0, 37, 'INGLESE'),
(19, 103, 4, 25, 'INFORMATICA'),
(19, 104, 0, 13, 'MATEMATICA'),
(19, 105, 0, 39, 'MATEMATICA'),
(19, 106, 2, 20, 'FISICA'),
(19, 107, 0, 4, 'INGLESE'),
(20, 2, 17, 26, 'SC.MOTORIE'),
(20, 3, 6, 36, 'SIST.AUTOM.'),
(20, 8, 0, 37, 'ELETTRONICA'),
(20, 10, 9, 39, 'GPOI'),
(20, 15, 0, 41, 'GPOI'),
(20, 17, 0, 21, 'ELETTRONICA'),
(20, 18, 1, 8, 'CHIMICA'),
(20, 23, 4, 40, 'TPSIT'),
(20, 24, 0, 7, 'DIRITTO'),
(20, 25, 0, 28, 'MATEMATICA'),
(20, 27, 0, 15, 'FISICA'),
(20, 28, 0, 17, 'LETTERE'),
(20, 32, 13, 22, 'TPSEE'),
(20, 37, 5, 24, 'SIST.RETI'),
(20, 38, 0, 16, 'DIRITTO'),
(20, 39, 15, 31, 'SC.MOTORIE'),
(20, 40, 0, 1, 'CHIMICA'),
(20, 42, 0, 12, 'MATEMATICA'),
(20, 45, 13, 22, 'TPSEE'),
(20, 47, 1, 8, 'CHIMICA'),
(20, 48, 0, 2, 'LETTERE'),
(20, 50, 0, 18, 'SC.TERRA-BIOL.'),
(20, 55, 5, 24, 'SIST.RETI'),
(20, 56, 0, 3, 'LETTERE'),
(20, 58, 6, 36, 'SIST.AUTOM.'),
(20, 59, 0, 0, 'TTRG'),
(20, 60, 0, 23, 'MATEMATICA'),
(20, 62, 2, 9, 'FISICA'),
(20, 63, 4, 40, 'TPSIT'),
(20, 64, 0, 19, 'MATEMATICA'),
(20, 67, 0, 11, 'LETTERE'),
(20, 68, 0, 25, 'LETTERE'),
(20, 70, 0, 30, 'MATEMATICA'),
(20, 71, 0, 5, 'TTRG'),
(20, 73, 0, 27, 'INGLESE'),
(20, 74, 3, 38, 'INFORMATICA'),
(20, 76, 0, 10, 'LETTERE'),
(20, 79, 0, 20, 'STA'),
(20, 80, 0, 29, 'SIST.AUTOM.'),
(20, 82, 10, 4, 'TTRG'),
(20, 83, 0, 6, 'MATEMATICA'),
(20, 89, 0, 34, 'INFORMATICA'),
(20, 90, 0, 33, 'INGLESE'),
(20, 91, 3, 38, 'INFORMATICA'),
(20, 93, 0, 35, 'LETTERE'),
(20, 96, 10, 4, 'TTRG'),
(20, 97, 16, 14, 'SC.MOTORIE'),
(20, 103, 9, 39, 'GPOI'),
(20, 104, 0, 13, 'MATEMATICA'),
(20, 105, 0, 32, 'COMPL.MAT.'),
(20, 106, 2, 9, 'FISICA'),
(21, 2, 17, 26, 'SC.MOTORIE'),
(21, 5, 0, 15, 'GEOGRAFIA'),
(21, 7, 8, 34, 'TELECOMUNIC.'),
(21, 8, 7, 30, 'ELETTRONICA'),
(21, 9, 14, 28, 'ELETTRONICA'),
(21, 10, 9, 39, 'GPOI'),
(21, 12, 0, 41, 'MATEMATICA'),
(21, 13, 0, 16, 'LETTERE'),
(21, 15, 14, 28, 'ELETTRONICA'),
(21, 16, 0, 33, 'INFORMATICA'),
(21, 18, 1, 1, 'CHIMICA'),
(21, 19, 0, 23, 'LETTERE'),
(21, 23, 4, 40, 'TPSIT'),
(21, 24, 0, 3, 'IRC'),
(21, 25, 0, 21, 'MATEMATICA'),
(21, 28, 0, 17, 'LETTERE'),
(21, 35, 0, 29, 'LETTERE'),
(21, 36, 6, 35, 'SIST.AUTOM.'),
(21, 37, 5, 24, 'SIST.RETI'),
(21, 39, 15, 31, 'SC.MOTORIE'),
(21, 40, 1, 1, 'CHIMICA'),
(21, 42, 0, 12, 'MATEMATICA'),
(21, 44, 0, 27, 'MATEMATICA'),
(21, 45, 8, 34, 'TELECOMUNIC.'),
(21, 47, 0, 8, 'CHIMICA'),
(21, 48, 0, 13, 'LETTERE'),
(21, 49, 11, 5, 'TEC.INFORMATICA'),
(21, 50, 0, 11, 'SC.TERRA-BIOL.'),
(21, 52, 0, 19, 'DIRITTO'),
(21, 54, 0, 32, 'TELECOMUNIC.'),
(21, 55, 5, 24, 'SIST.RETI'),
(21, 58, 6, 35, 'SIST.AUTOM.'),
(21, 59, 10, 0, 'TTRG'),
(21, 62, 2, 2, 'FISICA'),
(21, 63, 4, 40, 'TPSIT'),
(21, 64, 0, 18, 'MATEMATICA'),
(21, 68, 0, 25, 'LETTERE'),
(21, 72, 7, 30, 'ELETTRONICA'),
(21, 73, 0, 14, 'INGLESE'),
(21, 74, 3, 38, 'INFORMATICA'),
(21, 75, 0, 7, 'LETTERE'),
(21, 76, 0, 10, 'LETTERE'),
(21, 80, 0, 37, 'SIST.AUTOM.'),
(21, 82, 0, 4, 'TTRG'),
(21, 83, 0, 6, 'MATEMATICA'),
(21, 86, 0, 36, 'LETTERE'),
(21, 87, 0, 3, 'IRC'),
(21, 89, 11, 5, 'TEC.INFORMATICA'),
(21, 91, 3, 38, 'INFORMATICA'),
(21, 94, 0, 9, 'CHIMICA'),
(21, 96, 10, 0, 'TTRG'),
(21, 100, 0, 22, 'INGLESE'),
(21, 103, 9, 39, 'GPOI'),
(21, 106, 2, 2, 'FISICA'),
(21, 107, 0, 20, 'INGLESE'),
(22, 5, 0, 17, 'GEOGRAFIA'),
(22, 7, 8, 34, 'TELECOMUNIC.'),
(22, 8, 7, 30, 'ELETTRONICA'),
(22, 9, 14, 28, 'ELETTRONICA'),
(22, 10, 0, 31, 'SIST.RETI'),
(22, 13, 0, 16, 'LETTERE'),
(22, 15, 14, 28, 'ELETTRONICA'),
(22, 16, 0, 24, 'TPSIT'),
(22, 18, 1, 14, 'CHIMICA'),
(22, 19, 0, 23, 'LETTERE'),
(22, 23, 4, 26, 'INFORMATICA'),
(22, 25, 0, 21, 'MATEMATICA'),
(22, 28, 0, 19, 'LETTERE'),
(22, 31, 0, 6, 'SC.TERRA-BIOL.'),
(22, 35, 0, 29, 'LETTERE'),
(22, 36, 6, 35, 'SIST.AUTOM.'),
(22, 37, 5, 25, 'SIST.RETI'),
(22, 38, 0, 12, 'DIRITTO'),
(22, 40, 0, 2, 'CHIMICA'),
(22, 43, 0, 3, 'DIRITTO'),
(22, 44, 0, 27, 'MATEMATICA'),
(22, 45, 8, 34, 'TELECOMUNIC.'),
(22, 49, 11, 5, 'TEC.INFORMATICA'),
(22, 50, 0, 15, 'IRC'),
(22, 54, 0, 33, 'TELECOMUNIC.'),
(22, 55, 0, 32, 'SIST.RETI'),
(22, 56, 0, 38, 'LETTERE'),
(22, 58, 6, 35, 'SIST.AUTOM.'),
(22, 59, 0, 9, 'TTRG'),
(22, 62, 2, 10, 'FISICA'),
(22, 63, 0, 39, 'TPSIT'),
(22, 64, 0, 18, 'MATEMATICA'),
(22, 65, 0, 40, 'IRC'),
(22, 67, 0, 37, 'LETTERE'),
(22, 67, 0, 41, 'LETTERE'),
(22, 70, 0, 4, 'MATEMATICA'),
(22, 72, 7, 30, 'ELETTRONICA'),
(22, 73, 0, 13, 'INGLESE'),
(22, 75, 0, 7, 'LETTERE'),
(22, 76, 0, 0, 'LETTERE'),
(22, 77, 0, 8, 'TTRG'),
(22, 79, 4, 26, 'INFORMATICA'),
(22, 82, 10, 11, 'TTRG'),
(22, 86, 0, 36, 'LETTERE'),
(22, 87, 0, 15, 'IRC'),
(22, 89, 11, 5, 'TEC.INFORMATICA'),
(22, 91, 5, 25, 'SIST.RETI'),
(22, 94, 1, 14, 'CHIMICA'),
(22, 96, 10, 11, 'TTRG'),
(22, 97, 16, 1, 'SC.MOTORIE'),
(22, 104, 0, 22, 'MATEMATICA'),
(22, 105, 0, 40, 'IRC'),
(22, 106, 2, 10, 'FISICA'),
(22, 107, 0, 20, 'INGLESE'),
(23, 5, 0, 11, 'GEOGRAFIA'),
(23, 7, 8, 34, 'TELECOMUNIC.'),
(23, 8, 7, 30, 'ELETTRONICA'),
(23, 10, 0, 40, 'GPOI'),
(23, 23, 4, 26, 'INFORMATICA'),
(23, 24, 0, 15, 'DIRITTO'),
(23, 28, 0, 19, 'LETTERE'),
(23, 31, 0, 8, 'SC.TERRA-BIOL.'),
(23, 35, 0, 39, 'LETTERE'),
(23, 36, 6, 35, 'SIST.AUTOM.'),
(23, 37, 5, 25, 'SIST.RETI'),
(23, 43, 0, 13, 'DIRITTO'),
(23, 45, 8, 34, 'TELECOMUNIC.'),
(23, 47, 0, 17, 'CHIMICA'),
(23, 50, 0, 9, 'SC.TERRA-BIOL.'),
(23, 54, 0, 24, 'TELECOMUNIC.'),
(23, 56, 0, 38, 'LETTERE'),
(23, 58, 6, 35, 'SIST.AUTOM.'),
(23, 65, 0, 29, 'IRC'),
(23, 67, 0, 37, 'LETTERE'),
(23, 67, 0, 41, 'LETTERE'),
(23, 70, 0, 4, 'MATEMATICA'),
(23, 72, 7, 30, 'ELETTRONICA'),
(23, 76, 0, 0, 'LETTERE'),
(23, 77, 10, 7, 'TTRG'),
(23, 79, 4, 26, 'INFORMATICA'),
(23, 87, 0, 14, 'IRC'),
(23, 91, 5, 25, 'SIST.RETI'),
(23, 96, 10, 7, 'TTRG'),
(23, 97, 16, 1, 'SC.MOTORIE'),
(23, 104, 0, 22, 'MATEMATICA'),
(24, 1, 0, 20, 'IRC'),
(24, 2, 16, 6, 'SC.MOTORIE'),
(24, 3, 0, 12, 'STA'),
(24, 7, 13, 35, 'TPSEE'),
(24, 8, 0, 28, 'SIST.AUTOM.'),
(24, 9, 7, 22, 'ELETTRONICA'),
(24, 11, 3, 40, 'INFORMATICA'),
(24, 12, 0, 24, 'MATEMATICA'),
(24, 14, 13, 35, 'TPSEE'),
(24, 19, 0, 9, 'LETTERE'),
(24, 24, 0, 14, 'DIRITTO'),
(24, 28, 0, 32, 'LETTERE'),
(24, 29, 8, 34, 'TPSIT'),
(24, 30, 0, 38, 'INGLESE'),
(24, 32, 14, 37, 'TPSEE'),
(24, 34, 5, 33, 'SIST.RETI'),
(24, 35, 0, 39, 'LETTERE'),
(24, 36, 7, 22, 'ELETTRONICA'),
(24, 37, 4, 23, 'INFORMATICA'),
(24, 43, 0, 17, 'DIRITTO'),
(24, 45, 0, 41, 'TPSIT'),
(24, 46, 14, 37, 'TPSEE'),
(24, 48, 0, 13, 'LETTERE'),
(24, 55, 0, 11, 'STA'),
(24, 56, 0, 31, 'LETTERE'),
(24, 57, 0, 19, 'CHIMICA'),
(24, 58, 6, 29, 'SIST.AUTOM.'),
(24, 60, 0, 10, 'MATEMATICA'),
(24, 67, 0, 1, 'LETTERE'),
(24, 72, 8, 34, 'TPSIT'),
(24, 74, 3, 40, 'INFORMATICA'),
(24, 75, 0, 7, 'LETTERE'),
(24, 76, 0, 5, 'LETTERE'),
(24, 79, 0, 0, 'TEC.INFORMATICA'),
(24, 80, 6, 29, 'SIST.AUTOM.'),
(24, 82, 0, 4, 'TTRG'),
(24, 83, 0, 25, 'COMPL.MAT.'),
(24, 86, 0, 36, 'LETTERE'),
(24, 88, 4, 23, 'INFORMATICA'),
(24, 90, 0, 26, 'INGLESE'),
(24, 91, 5, 33, 'SIST.RETI'),
(24, 92, 0, 8, 'LETTERE'),
(24, 93, 0, 21, 'LETTERE'),
(24, 94, 0, 3, 'CHIMICA'),
(24, 95, 0, 16, 'FISICA'),
(24, 97, 15, 27, 'SC.MOTORIE'),
(24, 100, 0, 18, 'INGLESE'),
(24, 101, 9, 30, 'INGLESE'),
(24, 102, 0, 15, 'SC.TERRA-BIOL.'),
(24, 106, 0, 2, 'FISICA'),
(25, 1, 0, 16, 'IRC'),
(25, 2, 16, 6, 'SC.MOTORIE'),
(25, 3, 11, 3, 'TEC.INFORMATICA'),
(25, 7, 13, 35, 'TPSEE'),
(25, 8, 0, 28, 'SIST.AUTOM.'),
(25, 9, 7, 22, 'ELETTRONICA'),
(25, 11, 3, 40, 'INFORMATICA'),
(25, 12, 0, 24, 'MATEMATICA'),
(25, 14, 13, 35, 'TPSEE'),
(25, 19, 0, 9, 'LETTERE'),
(25, 20, 0, 4, 'TEC.INFORMATICA'),
(25, 25, 0, 11, 'MATEMATICA'),
(25, 28, 0, 32, 'LETTERE'),
(25, 29, 8, 34, 'TPSIT'),
(25, 30, 0, 31, 'INGLESE'),
(25, 32, 14, 37, 'TPSEE'),
(25, 34, 5, 33, 'SIST.RETI'),
(25, 35, 0, 39, 'LETTERE'),
(25, 36, 7, 22, 'ELETTRONICA'),
(25, 37, 4, 23, 'INFORMATICA'),
(25, 38, 0, 2, 'DIRITTO'),
(25, 39, 17, 12, 'SC.MOTORIE'),
(25, 41, 1, 19, 'CHIMICA'),
(25, 45, 0, 26, 'TELECOMUNIC.'),
(25, 46, 14, 37, 'TPSEE'),
(25, 48, 0, 13, 'LETTERE'),
(25, 49, 11, 3, 'TEC.INFORMATICA'),
(25, 52, 0, 16, 'IRC'),
(25, 55, 12, 17, 'STA'),
(25, 56, 0, 38, 'LETTERE'),
(25, 57, 1, 19, 'CHIMICA'),
(25, 58, 6, 29, 'SIST.AUTOM.'),
(25, 60, 0, 10, 'MATEMATICA'),
(25, 66, 2, 14, 'FISICA'),
(25, 67, 0, 1, 'LETTERE'),
(25, 68, 0, 15, 'LETTERE'),
(25, 72, 8, 34, 'TPSIT'),
(25, 73, 0, 41, 'INGLESE'),
(25, 74, 3, 40, 'INFORMATICA'),
(25, 75, 0, 7, 'LETTERE'),
(25, 76, 0, 5, 'LETTERE'),
(25, 80, 6, 29, 'SIST.AUTOM.'),
(25, 86, 0, 36, 'LETTERE'),
(25, 88, 4, 23, 'INFORMATICA'),
(25, 90, 9, 25, 'INGLESE'),
(25, 91, 5, 33, 'SIST.RETI'),
(25, 92, 0, 8, 'LETTERE'),
(25, 93, 0, 21, 'LETTERE'),
(25, 94, 0, 20, 'CHIMICA'),
(25, 95, 2, 14, 'FISICA'),
(25, 97, 15, 27, 'SC.MOTORIE'),
(25, 100, 0, 18, 'INGLESE'),
(25, 101, 0, 30, 'INGLESE'),
(25, 102, 0, 0, 'SC.TERRA-BIOL.'),
(26, 1, 0, 8, 'IRC'),
(26, 2, 16, 16, 'SC.MOTORIE'),
(26, 3, 11, 3, 'TEC.INFORMATICA'),
(26, 8, 14, 37, 'ELETTRONICA'),
(26, 9, 7, 22, 'ELETTRONICA'),
(26, 10, 5, 38, 'SIST.RETI'),
(26, 11, 0, 27, 'INFORMATICA'),
(26, 14, 0, 21, 'TPSEE'),
(26, 15, 0, 28, 'ELETTRONICA'),
(26, 21, 0, 40, 'LETTERE'),
(26, 22, 15, 32, 'SC.MOTORIE'),
(26, 25, 0, 11, 'MATEMATICA'),
(26, 29, 0, 30, 'TPSEE'),
(26, 30, 9, 31, 'INGLESE'),
(26, 32, 14, 37, 'ELETTRONICA'),
(26, 35, 0, 24, 'LETTERE'),
(26, 36, 7, 22, 'ELETTRONICA'),
(26, 39, 17, 12, 'SC.MOTORIE'),
(26, 41, 1, 4, 'CHIMICA'),
(26, 45, 0, 34, 'TELECOMUNIC.'),
(26, 46, 0, 41, 'TELECOMUNIC.'),
(26, 48, 0, 2, 'LETTERE'),
(26, 49, 11, 3, 'TEC.INFORMATICA'),
(26, 50, 0, 19, 'SC.TERRA-BIOL.'),
(26, 53, 0, 36, 'INGLESE'),
(26, 55, 12, 17, 'STA'),
(26, 57, 1, 4, 'CHIMICA'),
(26, 58, 6, 29, 'SIST.AUTOM.'),
(26, 60, 0, 0, 'MATEMATICA'),
(26, 66, 2, 13, 'FISICA'),
(26, 68, 0, 15, 'LETTERE'),
(26, 73, 0, 23, 'INGLESE'),
(26, 74, 3, 39, 'INFORMATICA'),
(26, 76, 0, 10, 'LETTERE'),
(26, 77, 0, 7, 'TTRG'),
(26, 78, 0, 1, 'INGLESE'),
(26, 79, 0, 26, 'INFORMATICA'),
(26, 80, 6, 29, 'SIST.AUTOM.'),
(26, 82, 10, 6, 'TTRG'),
(26, 83, 0, 33, 'COMPL.MAT.'),
(26, 84, 3, 39, 'INFORMATICA'),
(26, 90, 0, 25, 'INGLESE'),
(26, 92, 0, 18, 'LETTERE'),
(26, 93, 0, 35, 'LETTERE'),
(26, 95, 0, 14, 'FISICA'),
(26, 96, 10, 6, 'TTRG'),
(26, 98, 5, 38, 'SIST.RETI'),
(26, 100, 0, 9, 'INGLESE'),
(26, 102, 0, 5, 'SC.TERRA-BIOL.'),
(26, 103, 0, 8, 'IRC'),
(26, 104, 0, 20, 'MATEMATICA'),
(26, 106, 2, 13, 'FISICA'),
(27, 0, 6, 22, 'SIST.AUTOM.'),
(27, 2, 16, 16, 'SC.MOTORIE'),
(27, 3, 0, 13, 'STA'),
(27, 7, 8, 41, 'GPOI'),
(27, 8, 14, 37, 'ELETTRONICA'),
(27, 9, 13, 36, 'TPSEE'),
(27, 10, 5, 38, 'SIST.RETI'),
(27, 13, 0, 6, 'LETTERE'),
(27, 14, 0, 28, 'TPSEE'),
(27, 15, 8, 41, 'GPOI'),
(27, 19, 0, 23, 'LETTERE'),
(27, 21, 0, 40, 'LETTERE'),
(27, 22, 15, 32, 'SC.MOTORIE'),
(27, 28, 0, 19, 'LETTERE'),
(27, 29, 11, 7, 'TEC.INFORMATICA'),
(27, 32, 14, 37, 'ELETTRONICA'),
(27, 35, 0, 24, 'LETTERE'),
(27, 40, 0, 5, 'CHIMICA'),
(27, 41, 1, 9, 'CHIMICA'),
(27, 42, 0, 29, 'MATEMATICA'),
(27, 46, 6, 22, 'SIST.AUTOM.'),
(27, 48, 0, 12, 'LETTERE'),
(27, 49, 11, 7, 'TEC.INFORMATICA'),
(27, 50, 0, 3, 'SC.TERRA-BIOL.'),
(27, 52, 0, 8, 'DIRITTO'),
(27, 56, 0, 31, 'LETTERE'),
(27, 57, 0, 4, 'CHIMICA'),
(27, 60, 0, 0, 'MATEMATICA'),
(27, 61, 13, 36, 'TPSEE'),
(27, 71, 0, 2, 'TTRG'),
(27, 73, 9, 27, 'INGLESE'),
(27, 74, 3, 39, 'INFORMATICA'),
(27, 75, 0, 30, 'LETTERE'),
(27, 75, 0, 34, 'LETTERE'),
(27, 78, 0, 11, 'INGLESE'),
(27, 79, 0, 26, 'INFORMATICA'),
(27, 82, 10, 1, 'TTRG'),
(27, 84, 3, 39, 'INFORMATICA'),
(27, 86, 0, 14, 'LETTERE'),
(27, 88, 0, 33, 'TPSIT'),
(27, 89, 12, 15, 'STA'),
(27, 91, 0, 25, 'SIST.RETI'),
(27, 92, 0, 18, 'LETTERE'),
(27, 93, 0, 35, 'LETTERE'),
(27, 94, 1, 9, 'CHIMICA'),
(27, 96, 10, 1, 'TTRG'),
(27, 97, 17, 21, 'SC.MOTORIE'),
(27, 98, 5, 38, 'SIST.RETI'),
(27, 101, 0, 17, 'INGLESE'),
(27, 104, 0, 20, 'MATEMATICA'),
(27, 106, 0, 10, 'FISICA'),
(28, 0, 6, 22, 'SIST.AUTOM.'),
(28, 1, 0, 26, 'IRC'),
(28, 3, 18, 13, 'STA'),
(28, 7, 8, 41, 'GPOI'),
(28, 8, 14, 37, 'ELETTRONICA'),
(28, 9, 13, 36, 'TPSEE'),
(28, 11, 0, 10, 'STA'),
(28, 13, 0, 6, 'LETTERE'),
(28, 15, 8, 41, 'GPOI'),
(28, 19, 0, 23, 'LETTERE'),
(28, 22, 15, 33, 'SC.MOTORIE'),
(28, 25, 0, 1, 'MATEMATICA'),
(28, 28, 0, 19, 'LETTERE'),
(28, 29, 11, 7, 'TEC.INFORMATICA'),
(28, 30, 0, 16, 'INGLESE'),
(28, 32, 14, 37, 'ELETTRONICA'),
(28, 33, 5, 27, 'SIST.RETI'),
(28, 36, 0, 35, 'SIST.AUTOM.'),
(28, 39, 16, 8, 'SC.MOTORIE'),
(28, 40, 0, 11, 'CHIMICA'),
(28, 42, 0, 29, 'MATEMATICA'),
(28, 46, 6, 22, 'SIST.AUTOM.'),
(28, 49, 11, 7, 'TEC.INFORMATICA'),
(28, 50, 0, 17, 'SC.TERRA-BIOL.'),
(28, 52, 0, 18, 'DIRITTO'),
(28, 53, 0, 0, 'INGLESE'),
(28, 54, 7, 31, 'TELECOMUNIC.'),
(28, 55, 0, 32, 'SIST.RETI'),
(28, 56, 0, 38, 'LETTERE'),
(28, 61, 13, 36, 'TPSEE'),
(28, 63, 0, 39, 'TPSIT'),
(28, 68, 0, 25, 'LETTERE'),
(28, 71, 10, 2, 'TTRG'),
(28, 75, 0, 30, 'LETTERE'),
(28, 75, 0, 34, 'LETTERE'),
(28, 77, 0, 20, 'TTRG'),
(28, 78, 0, 3, 'INGLESE'),
(28, 84, 4, 24, 'INFORMATICA'),
(28, 86, 0, 14, 'LETTERE'),
(28, 89, 12, 15, 'STA'),
(28, 90, 0, 5, 'INGLESE'),
(28, 91, 0, 40, 'SIST.RETI'),
(28, 93, 0, 28, 'LETTERE'),
(28, 94, 0, 9, 'CHIMICA'),
(28, 96, 10, 2, 'TTRG'),
(28, 97, 17, 21, 'SC.MOTORIE'),
(28, 98, 5, 27, 'SIST.RETI'),
(28, 99, 7, 31, 'TELECOMUNIC.'),
(28, 101, 0, 12, 'INGLESE'),
(28, 102, 0, 4, 'SC.TERRA-BIOL.'),
(28, 103, 4, 24, 'INFORMATICA'),
(29, 10, 0, 23, 'SIST.RETI'),
(29, 11, 0, 18, 'STA'),
(29, 22, 15, 33, 'SC.MOTORIE'),
(29, 25, 0, 1, 'MATEMATICA'),
(29, 30, 0, 6, 'INGLESE'),
(29, 33, 5, 27, 'SIST.RETI'),
(29, 36, 0, 21, 'SIST.AUTOM.'),
(29, 39, 16, 8, 'SC.MOTORIE'),
(29, 40, 0, 11, 'CHIMICA'),
(29, 42, 0, 36, 'MATEMATICA'),
(29, 52, 0, 10, 'DIRITTO'),
(29, 53, 0, 2, 'INGLESE'),
(29, 54, 7, 31, 'TELECOMUNIC.'),
(29, 63, 0, 38, 'TPSIT'),
(29, 68, 0, 25, 'LETTERE'),
(29, 71, 0, 3, 'TTRG'),
(29, 77, 10, 20, 'TTRG'),
(29, 84, 4, 24, 'INFORMATICA'),
(29, 89, 0, 16, 'STA'),
(29, 90, 0, 15, 'INGLESE'),
(29, 94, 0, 13, 'CHIMICA'),
(29, 96, 10, 20, 'TTRG'),
(29, 98, 5, 27, 'SIST.RETI'),
(29, 99, 7, 31, 'TELECOMUNIC.'),
(29, 101, 0, 19, 'INGLESE'),
(29, 102, 0, 12, 'SC.TERRA-BIOL.'),
(29, 103, 4, 24, 'INFORMATICA'),
(30, 2, 16, 15, 'SC.MOTORIE'),
(30, 3, 11, 2, 'TEC.INFORMATICA'),
(30, 6, 0, 5, 'MATEMATICA'),
(30, 9, 13, 29, 'TPSEE'),
(30, 10, 0, 38, 'SIST.RETI'),
(30, 15, 13, 29, 'TPSEE'),
(30, 16, 4, 25, 'INFORMATICA'),
(30, 17, 0, 21, 'ELETTRONICA'),
(30, 18, 1, 7, 'CHIMICA'),
(30, 19, 0, 23, 'LETTERE'),
(30, 21, 0, 27, 'LETTERE'),
(30, 23, 5, 32, 'SIST.RETI'),
(30, 25, 0, 28, 'MATEMATICA'),
(30, 28, 0, 17, 'LETTERE'),
(30, 29, 0, 34, 'TPSIT'),
(30, 33, 0, 26, 'SIST.RETI'),
(30, 36, 0, 35, 'SIST.AUTOM.'),
(30, 38, 0, 9, 'DIRITTO'),
(30, 42, 0, 36, 'MATEMATICA'),
(30, 43, 0, 6, 'DIRITTO'),
(30, 46, 0, 37, 'TPSEE'),
(30, 47, 1, 7, 'CHIMICA'),
(30, 49, 11, 2, 'TEC.INFORMATICA'),
(30, 50, 0, 13, 'SC.TERRA-BIOL.'),
(30, 53, 0, 0, 'INGLESE'),
(30, 55, 5, 32, 'SIST.RETI'),
(30, 56, 0, 3, 'LETTERE'),
(30, 58, 6, 41, 'SIST.RETI'),
(30, 61, 6, 41, 'SIST.RETI'),
(30, 62, 2, 1, 'FISICA'),
(30, 65, 0, 31, 'IRC'),
(30, 68, 0, 33, 'LETTERE'),
(30, 69, 0, 8, 'INGLESE'),
(30, 70, 0, 4, 'MATEMATICA'),
(30, 71, 0, 12, 'TTRG'),
(30, 76, 0, 10, 'LETTERE'),
(30, 77, 0, 20, 'TTRG'),
(30, 78, 9, 39, 'INGLESE'),
(30, 79, 12, 19, 'STA'),
(30, 82, 10, 16, 'TTRG'),
(30, 83, 0, 30, 'COMPL.MAT.'),
(30, 84, 0, 24, 'INFORMATICA'),
(30, 86, 0, 14, 'LETTERE'),
(30, 87, 0, 18, 'IRC'),
(30, 91, 0, 40, 'SIST.RETI'),
(30, 92, 0, 22, 'LETTERE'),
(30, 95, 2, 1, 'FISICA'),
(30, 96, 10, 16, 'TTRG'),
(30, 97, 17, 11, 'SC.MOTORIE'),
(30, 103, 4, 25, 'INFORMATICA'),
(31, 2, 16, 15, 'SC.MOTORIE'),
(31, 3, 11, 2, 'TEC.INFORMATICA'),
(31, 6, 0, 5, 'MATEMATICA'),
(31, 7, 14, 30, 'TPSEE'),
(31, 9, 13, 29, 'TPSEE'),
(31, 10, 0, 31, 'SIST.RETI'),
(31, 11, 0, 40, 'INFORMATICA'),
(31, 14, 0, 21, 'TPSEE'),
(31, 15, 13, 29, 'TPSEE'),
(31, 16, 4, 25, 'INFORMATICA'),
(31, 18, 1, 12, 'CHIMICA'),
(31, 19, 0, 23, 'LETTERE'),
(31, 21, 0, 27, 'LETTERE'),
(31, 23, 5, 32, 'SIST.RETI'),
(31, 25, 0, 28, 'MATEMATICA'),
(31, 27, 0, 0, 'FISICA'),
(31, 28, 0, 17, 'LETTERE'),
(31, 29, 14, 30, 'TPSEE'),
(31, 33, 0, 26, 'SIST.RETI'),
(31, 36, 0, 35, 'SIST.AUTOM.'),
(31, 38, 0, 1, 'DIRITTO'),
(31, 40, 1, 12, 'CHIMICA'),
(31, 42, 0, 36, 'MATEMATICA'),
(31, 43, 0, 20, 'DIRITTO'),
(31, 47, 0, 16, 'CHIMICA'),
(31, 49, 11, 2, 'TEC.INFORMATICA'),
(31, 50, 0, 9, 'SC.TERRA-BIOL.'),
(31, 53, 0, 10, 'INGLESE'),
(31, 55, 5, 32, 'SIST.RETI'),
(31, 56, 0, 3, 'LETTERE'),
(31, 58, 6, 41, 'SIST.RETI'),
(31, 61, 6, 41, 'SIST.RETI'),
(31, 65, 0, 24, 'IRC'),
(31, 68, 0, 33, 'LETTERE'),
(31, 69, 0, 8, 'INGLESE'),
(31, 71, 0, 13, 'TTRG'),
(31, 77, 0, 18, 'TTRG'),
(31, 78, 0, 39, 'INGLESE'),
(31, 79, 12, 19, 'STA'),
(31, 80, 0, 37, 'SIST.AUTOM.'),
(31, 82, 0, 6, 'TTRG'),
(31, 83, 0, 24, 'IRC'),
(31, 91, 0, 38, 'INFORMATICA'),
(31, 92, 0, 22, 'LETTERE'),
(31, 95, 0, 4, 'FISICA'),
(31, 97, 17, 11, 'SC.MOTORIE'),
(31, 101, 0, 7, 'INGLESE'),
(31, 102, 0, 14, 'SC.TERRA-BIOL.'),
(31, 103, 4, 25, 'INFORMATICA'),
(31, 105, 0, 34, 'COMPL.MAT.'),
(32, 2, 16, 5, 'SC.MOTORIE'),
(32, 6, 0, 24, 'COMPL.MAT.'),
(32, 7, 14, 30, 'TPSEE'),
(32, 9, 13, 29, 'TPSEE'),
(32, 10, 3, 40, 'GPOI'),
(32, 11, 4, 27, 'INFORMATICA'),
(32, 14, 0, 35, 'TPSEE'),
(32, 15, 13, 29, 'TPSEE'),
(32, 17, 0, 36, 'ELETTRONICA'),
(32, 18, 1, 18, 'CHIMICA'),
(32, 19, 0, 9, 'LETTERE'),
(32, 21, 0, 20, 'LETTERE'),
(32, 22, 15, 37, 'SC.MOTORIE'),
(32, 22, 15, 41, 'SC.MOTORIE'),
(32, 23, 4, 27, 'INFORMATICA'),
(32, 25, 0, 21, 'MATEMATICA'),
(32, 27, 0, 8, 'FISICA'),
(32, 28, 0, 32, 'LETTERE'),
(32, 29, 14, 30, 'TPSEE'),
(32, 36, 0, 22, 'ELETTRONICA'),
(32, 38, 0, 11, 'DIRITTO'),
(32, 40, 0, 12, 'CHIMICA'),
(32, 46, 2, 7, 'FISICA'),
(32, 47, 1, 18, 'CHIMICA'),
(32, 50, 0, 1, 'SC.TERRA-BIOL.'),
(32, 55, 5, 39, 'SIST.RETI'),
(32, 56, 0, 38, 'LETTERE'),
(32, 58, 6, 34, 'SIST.RETI'),
(32, 61, 6, 34, 'SIST.RETI'),
(32, 62, 2, 7, 'FISICA'),
(32, 65, 0, 28, 'IRC'),
(32, 68, 0, 15, 'LETTERE'),
(32, 71, 0, 2, 'TTRG'),
(32, 76, 0, 0, 'LETTERE'),
(32, 77, 0, 17, 'TTRG'),
(32, 78, 0, 3, 'INGLESE'),
(32, 79, 0, 25, 'TPSIT'),
(32, 82, 10, 14, 'TTRG'),
(32, 84, 0, 23, 'TPSIT'),
(32, 85, 0, 13, 'IRC'),
(32, 86, 0, 4, 'LETTERE'),
(32, 87, 0, 13, 'IRC'),
(32, 88, 0, 31, 'INFORMATICA'),
(32, 91, 0, 33, 'SIST.RETI'),
(32, 95, 0, 6, 'FISICA'),
(32, 96, 10, 14, 'TTRG'),
(32, 97, 17, 10, 'SC.MOTORIE'),
(32, 98, 5, 39, 'SIST.RETI'),
(32, 101, 0, 19, 'INGLESE'),
(32, 102, 0, 16, 'SC.TERRA-BIOL.'),
(32, 103, 3, 40, 'GPOI'),
(32, 105, 0, 26, 'MATEMATICA'),
(33, 2, 16, 5, 'SC.MOTORIE'),
(33, 3, 0, 36, 'SIST.AUTOM.'),
(33, 7, 14, 30, 'TPSEE'),
(33, 10, 3, 40, 'GPOI'),
(33, 11, 4, 27, 'INFORMATICA'),
(33, 14, 0, 28, 'TPSEE'),
(33, 15, 0, 35, 'ELETTRONICA'),
(33, 18, 1, 6, 'CHIMICA'),
(33, 19, 0, 9, 'LETTERE'),
(33, 21, 0, 20, 'LETTERE'),
(33, 22, 15, 37, 'SC.MOTORIE'),
(33, 22, 15, 41, 'SC.MOTORIE'),
(33, 23, 4, 27, 'INFORMATICA'),
(33, 25, 0, 21, 'MATEMATICA'),
(33, 27, 0, 18, 'FISICA'),
(33, 28, 0, 32, 'LETTERE'),
(33, 29, 14, 30, 'TPSEE'),
(33, 36, 0, 22, 'ELETTRONICA'),
(33, 38, 0, 16, 'DIRITTO'),
(33, 40, 0, 1, 'CHIMICA'),
(33, 43, 0, 13, 'DIRITTO'),
(33, 46, 0, 7, 'FISICA'),
(33, 47, 1, 6, 'CHIMICA'),
(33, 53, 0, 2, 'INGLESE'),
(33, 55, 5, 39, 'SIST.RETI'),
(33, 56, 0, 38, 'LETTERE'),
(33, 58, 6, 34, 'SIST.RETI'),
(33, 61, 6, 34, 'SIST.RETI'),
(33, 62, 2, 11, 'FISICA'),
(33, 65, 0, 33, 'IRC'),
(33, 68, 0, 15, 'LETTERE'),
(33, 69, 0, 24, 'INGLESE'),
(33, 71, 0, 3, 'TTRG'),
(33, 76, 0, 0, 'LETTERE'),
(33, 77, 10, 8, 'TTRG'),
(33, 80, 0, 29, 'SIST.AUTOM.'),
(33, 82, 0, 14, 'TTRG'),
(33, 84, 0, 31, 'TPSIT'),
(33, 86, 0, 4, 'LETTERE'),
(33, 87, 0, 19, 'IRC'),
(33, 88, 0, 23, 'INFORMATICA'),
(33, 91, 0, 25, 'SIST.RETI'),
(33, 95, 2, 11, 'FISICA'),
(33, 96, 10, 8, 'TTRG'),
(33, 97, 17, 10, 'SC.MOTORIE'),
(33, 98, 5, 39, 'SIST.RETI'),
(33, 101, 0, 17, 'INGLESE'),
(33, 102, 0, 12, 'SC.TERRA-BIOL.'),
(33, 103, 3, 40, 'GPOI'),
(33, 105, 0, 26, 'MATEMATICA');

-- --------------------------------------------------------

--
-- Struttura della tabella `schedule_time`
--

CREATE TABLE `schedule_time` (
  `id` int(11) NOT NULL,
  `day` int(11) NOT NULL,
  `hour` int(11) NOT NULL
) ENGINE=InnoDB DEFAULT CHARSET=utf8mb4 COLLATE=utf8mb4_general_ci;

--
-- Dump dei dati per la tabella `schedule_time`
--

INSERT INTO `schedule_time` (`id`, `day`, `hour`) VALUES
(0, 0, 0),
(1, 0, 1),
(2, 0, 2),
(3, 0, 3),
(4, 0, 4),
(5, 0, 5),
(6, 1, 0),
(7, 1, 1),
(8, 1, 2),
(9, 1, 3),
(10, 1, 4),
(11, 1, 5),
(12, 2, 0),
(13, 2, 1),
(14, 2, 2),
(15, 2, 3),
(16, 2, 4),
(17, 2, 5),
(18, 3, 0),
(19, 3, 1),
(20, 3, 2),
(21, 3, 3),
(22, 3, 4),
(23, 3, 5),
(24, 4, 0),
(25, 4, 1),
(26, 4, 2),
(27, 4, 3),
(28, 4, 4),
(29, 4, 5),
(30, 5, 0),
(31, 5, 1),
(32, 5, 2),
(33, 5, 3),
(34, 5, 4),
(35, 5, 5);

-- --------------------------------------------------------

--
-- Struttura della tabella `student`
--

CREATE TABLE `student` (
  `id` int(11) NOT NULL,
  `user_id` varchar(50) NOT NULL
) ENGINE=InnoDB DEFAULT CHARSET=utf8mb4 COLLATE=utf8mb4_general_ci;

--
-- Dump dei dati per la tabella `student`
--

INSERT INTO `student` (`id`, `user_id`) VALUES
(0, 'giulio.semenzato@itiszuccante.edu.it');

-- --------------------------------------------------------

--
-- Struttura della tabella `student_in_class`
--

CREATE TABLE `student_in_class` (
  `class_id` int(11) NOT NULL,
  `student_id` int(11) NOT NULL
) ENGINE=InnoDB DEFAULT CHARSET=utf8mb4 COLLATE=utf8mb4_general_ci;

-- --------------------------------------------------------

--
-- Struttura della tabella `teacher`
--

CREATE TABLE `teacher` (
  `id` int(11) NOT NULL,
  `user_id` varchar(50) NOT NULL
) ENGINE=InnoDB DEFAULT CHARSET=utf8mb4 COLLATE=utf8mb4_general_ci;

--
-- Dump dei dati per la tabella `teacher`
--

INSERT INTO `teacher` (`id`, `user_id`) VALUES
(90, 'agata.scanselli@itiszuccante.edu.it'),
(8, 'alberto.bulzatti@itiszuccante.edu.it'),
(98, 'alberto.vettorato@itiszuccante.edu.it'),
(6, 'alessandra.bessega@itiszuccante.edu.it'),
(42, 'alessandra.gusso@itiszuccante.edu.it'),
(60, 'alessandra.milani@itiszuccante.edu.it'),
(17, 'alessandro.decesco@itiszuccante.edu.it'),
(45, 'alessandro.liberalato@itiszuccante.edu.it'),
(97, 'alessandro.vecchiato@itiszuccante.edu.it'),
(83, 'alviseantonio.rizzi@itiszuccante.edu.it'),
(58, 'andrea.michielan@itiszuccante.edu.it'),
(63, 'andrea.morettin@itiszuccante.edu.it'),
(71, 'andrea.paladin@itiszuccante.edu.it'),
(64, 'antonella.nicolini@itiszuccante.edu.it'),
(65, 'barbara.niero@itiszuccante.edu.it'),
(4, 'carmine.belloisi@itiszuccante.edu.it'),
(68, 'caterina.pagan@itiszuccante.edu.it'),
(29, 'cinzia.filoni@itiszuccante.edu.it'),
(93, 'claudia.serantoni@itiszuccante.edu.it'),
(79, 'claudio.peron@itiszuccante.edu.it'),
(11, 'cristiano.capuzzo@itiszuccante.edu.it'),
(54, 'cristiano.massaro@itiszuccante.edu.it'),
(82, 'cristina.rimoldi@itiszuccante.edu.it'),
(40, 'daniela.guglielmi@itiszuccante.edu.it'),
(81, 'daniela.quici@itiszuccante.edu.it'),
(10, 'daniele.cappellazzo@itiszuccante.edu.it'),
(23, 'daniele.dentico@itiszuccante.edu.it'),
(103, 'davide.zambelli@itiszuccante.edu.it'),
(74, 'diego.pavan@itiszuccante.edu.it'),
(59, 'elena.micich@itiszuccante.edu.it'),
(20, 'elga.derossi@itiszuccante.edu.it'),
(47, 'elisa.macchion@itiszuccante.edu.it'),
(61, 'enrico.minosso@itiszuccante.edu.it'),
(22, 'eros.delgiudice@itiszuccante.edu.it'),
(50, 'eva.manica@itiszuccante.edu.it'),
(87, 'fabiana.saccon@itiszuccante.edu.it'),
(15, 'fabio.deste@itiszuccante.edu.it'),
(51, 'fabio.manna@itiszuccante.edu.it'),
(70, 'federica.paiaro@itiszuccante.edu.it'),
(78, 'federica.perocco@itiszuccante.edu.it'),
(33, 'federico.giacomazzi@itiszuccante.edu.it'),
(1, 'filippo.andreato@itiszuccante.edu.it'),
(80, 'filippo.pigozzo@itiszuccante.edu.it'),
(44, 'francesca.lacamera@itiszuccante.edu.it'),
(16, 'francesco.deste@itiszuccante.edu.it'),
(26, 'francesco.domingo@itiszuccante.edu.it'),
(72, 'francesco.papasidero@itiszuccante.edu.it'),
(75, 'francesco.pavanello@itiszuccante.edu.it'),
(106, 'francesco.zanzo@itiszuccante.edu.it'),
(84, 'giancarlo.ronchi@itiszuccante.edu.it'),
(48, 'gianpietro.manente@itiszuccante.edu.it'),
(37, 'giaquinto.aniello@itiszuccante.edu.it'),
(5, 'gilberto.berlese@itiszuccante.edu.it'),
(32, 'giordano.ghezzo@itiszuccante.edu.it'),
(52, 'giovanna.marra@itiszuccante.edu.it'),
(62, 'giovanni.morelli@itiszuccante.edu.it'),
(28, 'giulia.ferrari@itiszuccante.edu.it'),
(27, 'giuseppe.donzella@itiszuccante.edu.it'),
(31, 'giuseppe.gambino@itiszuccante.edu.it'),
(102, 'giuseppina.vittoria@itiszuccante.edu.it'),
(76, 'goffredo.perisbulighin@itiszuccante.edu.it'),
(101, 'graziella.viglietti@itiszuccante.edu.it'),
(39, 'gunternils.gottardo@itiszuccante.edu.it'),
(104, 'lara.zanardo@itiszuccante.edu.it'),
(56, 'lorena.meli@itiszuccante.edu.it'),
(19, 'lorenzo.denardi@itiszuccante.edu.it'),
(21, 'lorenzo.derossi21@itiszuccante.edu.it'),
(46, 'luca.livieri@itiszuccante.edu.it'),
(7, 'luigi.brandi@itiszuccante.edu.it'),
(49, 'marco.manfrin@itiszuccante.edu.it'),
(99, 'marco.vianello57@itiszuccante.edu.it'),
(24, 'mariaconcetta.dipietro@itiszuccante.edu.it'),
(100, 'mariagrazia.viel@itiszuccante.edu.it'),
(18, 'mariarosaria.deluca@itiszuccante.edu.it'),
(43, 'mariateresa.ieraci@itiszuccante.edu.it'),
(73, 'marilena.pasqualetto@itiszuccante.edu.it'),
(88, 'massimo.sammartino@itiszuccante.edu.it'),
(85, 'matteopio.ruggiero@itiszuccante.edu.it'),
(96, 'maurizio.trevisan@itiszuccante.edu.it'),
(105, 'mauro.zane@itiszuccante.edu.it'),
(0, 'michele.allocca@itiszuccante.edu.it'),
(2, 'michele.arienti@itiszuccante.edu.it'),
(91, 'michele.schimd@itiszuccante.edu.it'),
(107, 'nicola.zocco@itiszuccante.edu.it'),
(67, 'paola.padoan@itiszuccante.edu.it'),
(77, 'paola.pernice@itiszuccante.edu.it'),
(41, 'pietro.guido@itiszuccante.edu.it'),
(89, 'pietro.santagati@itiszuccante.edu.it'),
(30, 'roberta.folli@itiszuccante.edu.it'),
(66, 'roberto.orlando@itiszuccante.edu.it'),
(9, 'salvatore.calcara@itiszuccante.edu.it'),
(14, 'samuele.crivellaro@itiszuccante.edu.it'),
(38, 'sandra.girotto@itiszuccante.edu.it'),
(69, 'sara.pagone@itiszuccante.edu.it'),
(86, 'sara.rullo@itiszuccante.edu.it'),
(55, 'sergio.mattiello@itiszuccante.edu.it'),
(36, 'silvia.giantin@itiszuccante.edu.it'),
(92, 'simona.scopelliti@itiszuccante.edu.it'),
(3, 'simone.belcastro@itiszuccante.edu.it'),
(35, 'simonetta.giacomin@itiszuccante.edu.it'),
(57, 'stefania.menegazzi@itiszuccante.edu.it'),
(34, 'stefano.giacomello@itiszuccante.edu.it'),
(53, 'stella.martorelli@itiszuccante.edu.it'),
(25, 'susanna.dittadi@itiszuccante.edu.it'),
(94, 'susanna.stelluto@itiszuccante.edu.it'),
(12, 'tiziana.carotenuto@itiszuccante.edu.it'),
(13, 'valeria.conedera@itiszuccante.edu.it'),
(95, 'vitoantonio.tanzi@itiszuccante.edu.it');

-- --------------------------------------------------------

--
-- Struttura della tabella `unavaileble`
--

CREATE TABLE `unavaileble` (
  `id` int(11) NOT NULL,
  `start` datetime NOT NULL,
  `end` datetime NOT NULL,
  `description` varchar(255) NOT NULL,
  `user_id` varchar(50) DEFAULT NULL
) ENGINE=InnoDB DEFAULT CHARSET=utf8mb4 COLLATE=utf8mb4_general_ci;

-- --------------------------------------------------------

--
-- Struttura della tabella `unavaileble_class`
--

CREATE TABLE `unavaileble_class` (
  `unavaileble_id` int(11) NOT NULL,
  `class_id` int(11) NOT NULL
) ENGINE=InnoDB DEFAULT CHARSET=utf8mb4 COLLATE=utf8mb4_general_ci;

-- --------------------------------------------------------

--
-- Struttura della tabella `users`
--

CREATE TABLE `users` (
  `email` varchar(50) NOT NULL,
  `name` varchar(100) NOT NULL,
  `surname` varchar(100) NOT NULL,
  `password` char(64) NOT NULL
) ENGINE=InnoDB DEFAULT CHARSET=utf8mb4 COLLATE=utf8mb4_general_ci;

--
-- Dump dei dati per la tabella `users`
--

INSERT INTO `users` (`email`, `name`, `surname`, `password`) VALUES
('agata.scanselli@itiszuccante.edu.it', 'Agata', 'SCANSELLI', 'db514f0d4d127168d8a920d9ce6e4a586d1f110e27784ba739cb40688d1b8729'),
('alberto.bulzatti@itiszuccante.edu.it', 'Andrea', 'BULZATTI', 'ec4cc6acd9f91a54bf7227ce2ddb16fd9ed467a4a474b5f8f18b1c8e46005bb0'),
('alberto.vettorato@itiszuccante.edu.it', 'Alberto', 'VETTORATO', 'db3edfd16a9e3c6a6de701bcd2f45170c9e219b0b7e8d6fa47ec181fe3de5d14'),
('alessandra.bessega@itiszuccante.edu.it', 'Alessandra', 'BESSEGA', '9b31d4b156343c8d97d7ec0e39347d2957a2c2450fd09d9998a30117d6452e59'),
('alessandra.gusso@itiszuccante.edu.it', 'Alessandra', 'GUSSO', 'd7c4a2f2a3aaf7cd444e27bbfd4525c6bb06000483e69154ea5546e02c9a2554'),
('alessandra.milani@itiszuccante.edu.it', 'Alessandra', 'MILANI', '5f4ed139a5228665250555b465108081ccce069b4cd90bd693fbfb030cf2585d'),
('alessandro.decesco@itiszuccante.edu.it', 'Alessandro', 'DE CESCO', '8e494fdddd5cabbaa16bdcb9a249cda57fab2d08a1a4b808dff92d6c3cdb2c0b'),
('alessandro.liberalato@itiszuccante.edu.it', 'Alessandro', 'LIBERALATO', '91ea43af510e5751e112439a0be3adb1da8e97a2b4461fbbb9456d916be0498c'),
('alessandro.vecchiato@itiszuccante.edu.it', 'Alessandro', 'VECCHIATO', 'a2e239221e613efc2fe82bbe931e6332bc8a04a128ea66be6dd9ae9e89f41943'),
('alviseantonio.rizzi@itiszuccante.edu.it', 'Alvise Antonio', 'RIZZI', '0988009233e86080f59b78fac5890431428516ebf1bfa93fcf428965a29269f7'),
('andrea.michielan@itiszuccante.edu.it', 'Andrea', 'MICHIELAN', '6bd168c0e1d6201bad61ded135d1e0eab973d1d6abd2de97126cc0b4fa592286'),
('andrea.morettin@itiszuccante.edu.it', 'Andrea', 'MORETTIN', '98c05c262a1798ff51bc2d669f0da302106ba8aa0daa0d529d6e816d6b1e1271'),
('andrea.paladin@itiszuccante.edu.it', 'Andrea', 'PALADIN', '5962722b9e94631e86bbe10521393eb576bb0bb557b5303c918816a89f2693a6'),
('antonella.nicolini@itiszuccante.edu.it', 'Antonella', 'NICOLINI', '5a12a9133c55a634aae302746b016fa40f278dba8973dea16d7e84531adc0f77'),
('barbara.niero@itiszuccante.edu.it', 'Barbara', 'NIERO', '9554f48d81b353eaeaf783f2b75c797a3ce7df047c84a9523a363793a18a059c'),
('carmine.belloisi@itiszuccante.edu.it', 'Carmine', 'BELLOISI', '294cc309c6e78bc3a4ae5b7d438ddb4f4e3a1c746df8948790516e94d7dfafe7'),
('caterina.pagan@itiszuccante.edu.it', 'Caterina', 'PAGAN', '805e1dd0858b7d8fadf7b1d2c3c545e688cb6f2ee9833fe7e11fd12c1b8770d0'),
('cinzia.filoni@itiszuccante.edu.it', 'Cinzia', 'FILONI', 'd144698fae43bd04866ba7b0dd7beb21b3c3a857d0c798e2d19c1b4396fd40be'),
('claudia.serantoni@itiszuccante.edu.it', 'Claudia', 'SERANTONI', 'c3a47aecb86af5078e35c73288e3a4bfca0a1c0747342038e1ed145195d50826'),
('claudio.peron@itiszuccante.edu.it', 'Claudio', 'PERON', '2341458d107d966986ab087d1760450375850adc1961862ac76c7ced03ddf011'),
('cristiano.capuzzo@itiszuccante.edu.it', 'Cristiano', 'CAPUZZO', '7add680687690ac71e3f14ad0512f6da5e944038c90c9fc35022db5897cdc773'),
('cristiano.massaro@itiszuccante.edu.it', 'Cristiano', 'MASSARO', '7b1f32ecfc59894a6eb0a831d1c347243e4f439821c5888200802f0f45947dd0'),
('cristina.rimoldi@itiszuccante.edu.it', 'Cristina', 'RIMOLDI', '86cdb0cc49cdca744b2f65e54b4fb57618e7a7a594d92145afa7aba45cdb0498'),
('daniela.guglielmi@itiszuccante.edu.it', 'Daniela', 'GUGLIELMI', '7d75f7e56d78d83ad3449f150185b053708ed59010b748397e86fe470172f3a9'),
('daniela.quici@itiszuccante.edu.it', 'Daniela', 'QUICI', 'ae65001123a8b34c3bd5a3a3c2cad19bb2f91e8e0bb4b0acf9a098e832e60991'),
('daniele.cappellazzo@itiszuccante.edu.it', 'Daniele', 'CAPPELLAZZO', '2a3fe9a5114d8481905d0a9c13d32babab6b321da13b2cacd38d64426c401167'),
('daniele.dentico@itiszuccante.edu.it', 'Daniele', 'DENTICO', '95b9240cc1c30edc538ff649978dc9a7879964689ab8d61ba3fd08a34a70d084'),
('davide.zambelli@itiszuccante.edu.it', 'Davide', 'ZAMBELLI', '0d66e42ac9717c2ddf06cc1f1bcb04a612b9eefbd14b40f68dcd8e8c4b670b2f'),
('diego.pavan@itiszuccante.edu.it', 'Diego', 'PAVAN', 'eb47377bd74be4eeacbfe341b4eda47d87d7672f2e4a1f1b2bf066807fdf3965'),
('elena.micich@itiszuccante.edu.it', 'Elena', 'MICICH', '08326c5740ab912eb90748590e809245e3a0b810eb7ae985bed00245ad53adbb'),
('elga.derossi@itiszuccante.edu.it', 'Elga', 'DE ROSSI E.', 'cceaead3ae0d9db45971a33dcd3f34f24b72974c3967ddddfac4d17f2b346cfd'),
('elisa.macchion@itiszuccante.edu.it', 'Elisa', 'MACCHION', 'c9b64457c480961fe7b740587ea824a8ef8825b7b7350c14510145820cb9fd9b'),
('enrico.minosso@itiszuccante.edu.it', 'Enrico', 'MINOSSO', 'a994b8a7f4d055e7506adb58fec5ae06ee3bb2c3cd65638891dabb1d9af3831c'),
('eros.delgiudice@itiszuccante.edu.it', 'Eros', 'DEL GIUDICE', 'd2d5ae4e5fe8d8aa8d68a6204bffe09f47030edecb8382712312fdbcb0147074'),
('eva.manica@itiszuccante.edu.it', 'Eva', 'MANICA', 'b77a8f3228a44373239a0a58899d1254e1df88d45b931ec57ec71c7f9333ec65'),
('fabiana.saccon@itiszuccante.edu.it', 'Fabiana', 'SACCON', 'cc0f944f9da27c3ca268cbca67a95dc01fbe713b3b845355d52f6a2c3aa802f8'),
('fabio.deste@itiszuccante.edu.it', 'Fabio', 'D\'ESTE FA.', 'ff4ecbf44989fb43b824a61a0617d13029d3bacdbc59f38484bef60d9e0c7535'),
('fabio.manna@itiszuccante.edu.it', 'Fabio', 'MANNA', 'f493239c9d79492886b6df7fcbe8d749aa64d1e7101eaec3650ca6c983c48c12'),
('federica.paiaro@itiszuccante.edu.it', 'Federica', 'PAIARO', 'fa3181b0e02266d550044b621a2d9f5182bb1820431d907faf5e6be1e0201c5b'),
('federica.perocco@itiszuccante.edu.it', 'Federica', 'PEROCCO', 'b074193b270df72bf778cfacfce17fd22ea689717be00d4a497789164d1b0c54'),
('federico.giacomazzi@itiszuccante.edu.it', 'Federico', 'GIACOMAZZI', '1dc4b39b7919ecbef4dfd981ab8e1b6e03c00b84ef8f4ee4fb5a3830cf3d1757'),
('filippo.andreato@itiszuccante.edu.it', 'Filippo', 'ANDREATO', 'f6b83a5092629e394817f06176d917f2308a50de06cee0fc2b823a7329774f4c'),
('filippo.pigozzo@itiszuccante.edu.it', 'Filippo', 'PIGOZZO', '18cd917cebbe13b9630af976c59d8545c9ccbb3698726c1739e83289639c4927'),
('francesca.lacamera@itiszuccante.edu.it', 'Francesca', 'LA CAMERA', '3f2e49b0856031e837ade4203773330af03f125b3a7f568744a3942d40ffd503'),
('francesco.deste@itiszuccante.edu.it', 'Francesco', 'D\'ESTE FR.', '9f25f86c8fff6b20b99a625a027aac284e61681c99a61a741e28cfca4e02bcc2'),
('francesco.domingo@itiszuccante.edu.it', 'Francesco', 'DOMINGO', '22cfa36ba95b392cb959aacbf9e9182d66ae619d9fec3ef4f57e1a88e3a41950'),
('francesco.papasidero@itiszuccante.edu.it', 'Francesco', 'PAPASIDERO', '4c13530e46e917b6aacd1b74387d30ac5d869c5a93c5bd142db8193c155b242f'),
('francesco.pavanello@itiszuccante.edu.it', 'Francesco', 'PAVANELLO', '55003795787650c8897229d173f382a9e1f4e3ce0878a6fb20975fbc4f3a0a17'),
('francesco.zanzo@itiszuccante.edu.it', 'Francesco', 'ZANZO', '6ca90926b374972ce53a8535ba26f0c0e895d41f73adc3277e057e22d24dc7fb'),
('giancarlo.ronchi@itiszuccante.edu.it', 'Giancarlo', 'RONCHI', 'a50c93de7462cb5bed6ef8c87ddc1bb3bd1dcf1dc2a5f3f548f102e9e50e4e8e'),
('gianpietro.manente@itiszuccante.edu.it', 'Gianpietro', 'MANENTE', '66a3ded9744b9c69e85db6034f11e96aa3230e05a174c52210eb429ac891c78e'),
('giaquinto.aniello@itiszuccante.edu.it', 'Aniello', 'GIAQUINTO', '4035b3a4efc4136b97ca8842adcd7c39a2cae4919cd71fec3ed7a14778d73574'),
('gilberto.berlese@itiszuccante.edu.it', 'Gilberto', 'BERLESE', '0a3ba08becfe04e7e238dfa56bed168c45a8801bf58556cf41f82bc7813f949f'),
('giordano.ghezzo@itiszuccante.edu.it', 'Giordano', 'GHEZZO', '977e28a62c2bea33e3a69f9e3da19903e417ef44a0a68662d52eb10a37428954'),
('giovanna.marra@itiszuccante.edu.it', 'Giovanna', 'MARRA', '7e9144f57030c44df46a075dd0d2ef7123c16719f6cba2d90a60a68b8913ba8d'),
('giovanni.morelli@itiszuccante.edu.it', 'Giovanni', 'MORELLI', '34890419f551be48a1a5f6c5e97eadb335e83c56a10f614e90c5f64f701c4a28'),
('giulia.ferrari@itiszuccante.edu.it', 'Giulia', 'FERRARI', '993154eb27e6d46705190c5534f6a8ece7aba8efbd39c2f860dd262b7de381aa'),
('giulio.semenzato@itiszuccante.edu.it', 'Giulio', 'Semenzato', 'c7d8794e13b68972c3631cc3f3624fd808cb4f6f750dea49f6a4b7da347d13a5'),
('giuseppe.donzella@itiszuccante.edu.it', 'Giuseppe', 'DONZELLA', 'a33cd48e313c71ad4d9e9370ab2455b31d089db7bc35b1832c17ef799af9e993'),
('giuseppe.gambino@itiszuccante.edu.it', 'Giuseppe', 'GAMBINO', '99351d339dbe980b65a680e73eb2d194251a913cd8808d18a2805b07d2811142'),
('giuseppina.vittoria@itiszuccante.edu.it', 'Giuseppina', 'VITTORIA', 'fb4485ac2e17d396d011878e60fe40c5e52c426f9412e2c36087f96b3e62c645'),
('goffredo.perisbulighin@itiszuccante.edu.it', 'Goffredo', 'PERIS', '12dec6a1d6b133254c7041db4efec5bb4652e249d0c0a733501d3c4e7a476fb8'),
('graziella.viglietti@itiszuccante.edu.it', 'Graziella', 'VIGLIETTI', '8bdc76a73b49d44f0873b36788d734137fcd51b4ef7745d56976c8c65804973a'),
('gunternils.gottardo@itiszuccante.edu.it', 'Gunter Nils', 'GOTTARDO', '8139a2b53641bbcd217c078f41ae8ce4887e359c12f943b9cb792943ffb5583c'),
('lara.zanardo@itiszuccante.edu.it', 'Lara', 'ZANARDO', 'ca616162b0a392f2d24c9395c9398b336a5dea5ede3059cbdfa9a22f0e08f966'),
('lorena.meli@itiszuccante.edu.it', 'Lorena', 'MELI', '1f60a1e1943b98b9e1f0cb1704588979c869bfcd7de0dfd9eb2007a4cacf9efa'),
('lorenzo.denardi@itiszuccante.edu.it', 'Lorenzo', 'DE NARDI', '8f841c538035b05c28693f1fce530cf02d9ac8129e84f33c66f3a08e53160bbc'),
('lorenzo.derossi21@itiszuccante.edu.it', 'Lorenzo', 'DE ROSSI L.', '3fd727ec7575749bceec44265ca7f4031152feb9bfc5d45d3fbd98a60143b03a'),
('luca.livieri@itiszuccante.edu.it', 'Luca', 'LIVIERI', 'ee4e652f157468f364facf266397a5df61e9321b099dcb9a3a972e40c5a4670a'),
('luigi.brandi@itiszuccante.edu.it', 'Luigi', 'BRANDI', '059841c021579c5bdb3772610aec734ef530ea6c44c1d47746969a4c6637f52c'),
('marco.manfrin@itiszuccante.edu.it', 'Marco', 'MANFRIN', '27655c5e707e2fecad9972665c5f20c54a2fadfef9b7fbfaab857ff94fca83ca'),
('marco.vianello57@itiszuccante.edu.it', 'Marco', 'VIANELLO', '30ab91a75ff3a0c30b5a8b894d8006638a07fd2c94e8ca04c37c995676f9b03e'),
('mariaconcetta.dipietro@itiszuccante.edu.it', 'Maria Concetta', 'DIPIETRO', '9756f4035a965db7514331db6a2eded982a105326d0434817b2982ce84525f17'),
('mariagrazia.viel@itiszuccante.edu.it', 'Mariagrazia', 'VIEL', 'df8043a06e7ab22e6a947792313383f0a9622334c8e4caee77e7b86b425512d4'),
('mariarosaria.deluca@itiszuccante.edu.it', 'Mariarosaria', 'DE LUCA', '2c9dde8be56b1d46bdf9c1125f54da4e4093d08a5b2be937adda2bee9e303486'),
('mariateresa.ieraci@itiszuccante.edu.it', 'Maristella', 'IERACI', '6eeac60b4c46677f31cbe180d1fbe2854a6d23efe56ec0bf94832f06a6ed187e'),
('marilena.pasqualetto@itiszuccante.edu.it', 'Marilena', 'PASQUALETTO', '18a163669e8125a11de5748f61c026cc4bae2cae88e289cf82a70d990820924f'),
('massimo.sammartino@itiszuccante.edu.it', 'Massimo', 'SAMMARTINO', 'f13d82371828bdb8c16f4d2b2da2e48037309da48c09585e46eea680ee3727e0'),
('matteopio.ruggiero@itiszuccante.edu.it', 'Matteo Pio', 'RUGGIERO', 'ca7fe9784d7168c98880c2dff7204c77b0fc1269017a91efe83a2259f103496c'),
('maurizio.trevisan@itiszuccante.edu.it', 'Maurizio', 'TREVISAN', 'ddeca7961e54179e35d8be933f86f1198d64807df187deb26a1f2436f19d1286'),
('mauro.zane@itiszuccante.edu.it', 'Mauro', 'ZANE', 'eebb4cc4370dc26b02eef842330618dbd64bb6b60ba28211a380f6f990c6cf4c'),
('michele.allocca@itiszuccante.edu.it', 'Michele', 'ALLOCCA', '61148a59e8309c134316d16ef79f584570a3b90ecfaf3a09e543579a9ab0ab4d'),
('michele.arienti@itiszuccante.edu.it', 'Michele', 'ARIENTI', '9c33fda23fa048c722eb47f538f9ef76f0031de5ccf81fb45c74f89eace22d4b'),
('michele.schimd@itiszuccante.edu.it', 'Michele', 'SCHIMD', 'eeae1f72ea17ae2f17889bd528d68a2d840b390dfef2840ebd986e804d107d3c'),
('nicola.zocco@itiszuccante.edu.it', 'Nicola', 'ZOCCO', 'ec7b5746d598848d586c03306b30a9d2fe268526c43038e7ae2f3b06d5fbcd66'),
('paola.padoan@itiszuccante.edu.it', 'Paola', 'PADOAN', '449e3ffa640bf89dbd83bfaa7e7976699bef6f4325c1a5222a72d504ae74ea63'),
('paola.pernice@itiszuccante.edu.it', 'Paola', 'PERNICE', '2e0abaf6b5851ed3e5dc29a23dbf25d1edbe00f2ae0705cbdaee5ee34d5756ed'),
('pietro.guido@itiszuccante.edu.it', 'Pietro', 'GUIDO', '2a3a266689107762bb7c9092ed59a6dbc59ad8d4016883715127bf8ab891b20c'),
('pietro.santagati@itiszuccante.edu.it', 'Pietro', 'SANTAGATI', '10661300ce2a0bb7e4a95f160d620728080d041ca803b581e41ebe2bce6fc5aa'),
('roberta.folli@itiszuccante.edu.it', 'Roberta', 'FOLLI', '3d2789026a665de59e1969a7dc4971d2e67f18849050608c48191f6a49f8d1b7'),
('roberto.orlando@itiszuccante.edu.it', 'Roberto', 'ORLANDO', '5a055aae5f7a5a8955c82505ac5bac5d26570931a8a03e0cfa82ff46e33cec0f'),
('salvatore.calcara@itiszuccante.edu.it', 'Salvatore', 'CALCARA', '6e858b74bfb5cb75d82b6fc83696cc461925fc8cc2d29af14d40b2882e4cbb15'),
('samuele.crivellaro@itiszuccante.edu.it', 'Samuele', 'CRIVELLARO', '3b938ac3facacbc4f2c3bb207e3b2564f5abb9f0c5cc46b4a1d467e751b7e0f5'),
('sandra.girotto@itiszuccante.edu.it', 'Sandra', 'GIROTTO', '1d2dadec2810539f89f491a57b45230b69c3a2b8310cf41309639ab5d4185b1c'),
('sara.pagone@itiszuccante.edu.it', 'Sara', 'PAGONE', 'e848f8d766e58f008742193d064952657eb99bb73290a6135005777b4bb30228'),
('sara.rullo@itiszuccante.edu.it', 'Sara', 'RULLO', '85aeefe08431fa4d34e3e68178bddedbc1c2c0bdc9c8795521b1cfd202cf2382'),
('sergio.mattiello@itiszuccante.edu.it', 'Sergio', 'MATTIELLO', 'dbe06a38e0951980f22abe4ae59a8c75a731243bfb90b4a83ab7f05bdc4940da'),
('silvia.giantin@itiszuccante.edu.it', 'Silvia', 'GIANTIN', '57d4648ccb5cd0da8e5ead3d53dd07bad846e0d10ab5ea9a807cb39cf7271ff0'),
('simona.scopelliti@itiszuccante.edu.it', 'Simona', 'SCOPELLITTI', '323d09e9972bc49aac45dc612d88ef9c88eb4aec57d2b984bb18e5e57863afcd'),
('simone.belcastro@itiszuccante.edu.it', 'Simone', 'BELCASTRO', 'fe587e73185c22deea52fb816a41ec37773a760eed8d76b98cf02e5d9c07fd99'),
('simonetta.giacomin@itiszuccante.edu.it', 'Simonetta', 'GIACOMIN', '67e25175a3e2addee788f68e44ac9b35f89d89f21a56b4be9d376d9b39388e4b'),
('stefania.menegazzi@itiszuccante.edu.it', 'Stefania', 'MENEGAZZI', '9ea661afda1352008ad222d9d9521bb62a449c815f7016d1d0fdb5a47ec0f925'),
('stefano.giacomello@itiszuccante.edu.it', 'Stefano', 'GIACOMELLO', 'bd2c5be513ab3adf0464d6f07f87b616e3fe3f54dcf2bf75ad886b0d02108189'),
('stella.martorelli@itiszuccante.edu.it', 'Stella', 'MARTORELLI', '48a2eea0e3243e151e3c1d78497f2e6603b8d0f113fd815c05bb9ea34d139ccb'),
('susanna.dittadi@itiszuccante.edu.it', 'Susanna', 'DITTADI', 'b053632ac4480226bf0d68b6535532d39ff137a2c653caf12b72d3226127003c'),
('susanna.stelluto@itiszuccante.edu.it', 'Susanna', 'STELLUTO', '0eb631de82a0d92eb103984493aa6528fe4daf6f97513233070ce55cd7cdf727'),
('tiziana.carotenuto@itiszuccante.edu.it', 'Tiziana', 'CAROTENUTO', 'f403ab78513e512dcf062e9f84f9c8b6c3b2a962009fccc697adde22a857e2c8'),
('valeria.conedera@itiszuccante.edu.it', 'Valeria', 'CONEDERA', '3235e35e51d517d21422e8f3c8dfe439094d1e51c16992f6fd55a67c78e954d1'),
('vitoantonio.tanzi@itiszuccante.edu.it', 'Vito Antonio', 'TANZI', '00a7cf377f1a7a7fd9583d9778079975a59e7bfd33109da7850082b8d22a69f0');

-- --------------------------------------------------------

--
-- Struttura stand-in per le viste `view_schedule`
-- (Vedi sotto per la vista effettiva)
--
CREATE TABLE `view_schedule` (
`teacher` varchar(50)
,`day` int(11)
,`hour` int(11)
,`room` varchar(50)
,`class` varchar(50)
,`subject` varchar(20)
);

-- --------------------------------------------------------

--
-- Struttura stand-in per le viste `view_teachers`
-- (Vedi sotto per la vista effettiva)
--
CREATE TABLE `view_teachers` (
`surname` varchar(100)
,`name` varchar(100)
,`email` varchar(50)
);

-- --------------------------------------------------------

--
-- Struttura per vista `view_schedule`
--
DROP TABLE IF EXISTS `view_schedule`;

CREATE ALGORITHM=UNDEFINED DEFINER=`root`@`localhost` SQL SECURITY DEFINER VIEW `view_schedule`  AS SELECT `u`.`email` AS `teacher`, `st`.`day` AS `day`, `st`.`hour` AS `hour`, `r`.`name` AS `room`, `c`.`name` AS `class`, `s`.`subject` AS `subject` FROM (((((`schedule` `s` join `teacher` on(`teacher`.`id` = `s`.`teacher_id`)) join `users` `u` on(`teacher`.`user_id` = `u`.`email`)) join `schedule_time` `st` on(`st`.`id` = `s`.`schedule_time_id`)) join `room` `r` on(`r`.`id` = `s`.`room_id`)) join `class` `c` on(`c`.`id` = `s`.`class_id`)) ;

-- --------------------------------------------------------

--
-- Struttura per vista `view_teachers`
--
DROP TABLE IF EXISTS `view_teachers`;

CREATE ALGORITHM=UNDEFINED DEFINER=`root`@`localhost` SQL SECURITY DEFINER VIEW `view_teachers`  AS SELECT `users`.`surname` AS `surname`, `users`.`name` AS `name`, `users`.`email` AS `email` FROM (`users` join `teacher` on(`teacher`.`user_id` = `users`.`email`)) ORDER BY `users`.`surname` ASC ;

--
-- Indici per le tabelle scaricate
--

--
-- Indici per le tabelle `activity`
--
ALTER TABLE `activity`
  ADD PRIMARY KEY (`name`),
  ADD KEY `teacher_id` (`teacher_id`);

--
-- Indici per le tabelle `admin`
--
ALTER TABLE `admin`
  ADD PRIMARY KEY (`id`),
  ADD KEY `user_id` (`user_id`);

--
-- Indici per le tabelle `booking`
--
ALTER TABLE `booking`
  ADD PRIMARY KEY (`room_id`,`day_time_id`),
  ADD KEY `day_time_id` (`day_time_id`),
  ADD KEY `teacher_id` (`teacher_id`),
  ADD KEY `activity_id` (`activity_id`);

--
-- Indici per le tabelle `class`
--
ALTER TABLE `class`
  ADD PRIMARY KEY (`id`);

--
-- Indici per le tabelle `class_activity`
--
ALTER TABLE `class_activity`
  ADD PRIMARY KEY (`activity_id`,`class_id`),
  ADD KEY `class_id` (`class_id`);

--
-- Indici per le tabelle `day_time`
--
ALTER TABLE `day_time`
  ADD PRIMARY KEY (`id`);

--
-- Indici per le tabelle `room`
--
ALTER TABLE `room`
  ADD PRIMARY KEY (`id`);

--
-- Indici per le tabelle `schedule`
--
ALTER TABLE `schedule`
  ADD PRIMARY KEY (`schedule_time_id`,`teacher_id`,`class_id`),
  ADD KEY `teacher_id` (`teacher_id`),
  ADD KEY `room_id` (`room_id`),
  ADD KEY `class_id` (`class_id`);

--
-- Indici per le tabelle `schedule_time`
--
ALTER TABLE `schedule_time`
  ADD PRIMARY KEY (`id`);

--
-- Indici per le tabelle `student`
--
ALTER TABLE `student`
  ADD PRIMARY KEY (`id`),
  ADD KEY `user_id` (`user_id`);

--
-- Indici per le tabelle `student_in_class`
--
ALTER TABLE `student_in_class`
  ADD PRIMARY KEY (`class_id`,`student_id`),
  ADD KEY `student_id` (`student_id`);

--
-- Indici per le tabelle `teacher`
--
ALTER TABLE `teacher`
  ADD PRIMARY KEY (`id`),
  ADD KEY `user_id` (`user_id`);

--
-- Indici per le tabelle `unavaileble`
--
ALTER TABLE `unavaileble`
  ADD PRIMARY KEY (`id`),
  ADD KEY `user_id` (`user_id`);

--
-- Indici per le tabelle `unavaileble_class`
--
ALTER TABLE `unavaileble_class`
  ADD PRIMARY KEY (`unavaileble_id`,`class_id`),
  ADD KEY `class_id` (`class_id`);

--
-- Indici per le tabelle `users`
--
ALTER TABLE `users`
  ADD PRIMARY KEY (`email`);

--
-- Limiti per le tabelle scaricate
--

--
-- Limiti per la tabella `activity`
--
ALTER TABLE `activity`
  ADD CONSTRAINT `activity_ibfk_1` FOREIGN KEY (`teacher_id`) REFERENCES `teacher` (`id`);

--
-- Limiti per la tabella `admin`
--
ALTER TABLE `admin`
  ADD CONSTRAINT `admin_ibfk_1` FOREIGN KEY (`user_id`) REFERENCES `users` (`email`);

--
-- Limiti per la tabella `booking`
--
ALTER TABLE `booking`
  ADD CONSTRAINT `booking_ibfk_1` FOREIGN KEY (`day_time_id`) REFERENCES `day_time` (`id`),
  ADD CONSTRAINT `booking_ibfk_2` FOREIGN KEY (`teacher_id`) REFERENCES `teacher` (`id`),
  ADD CONSTRAINT `booking_ibfk_3` FOREIGN KEY (`room_id`) REFERENCES `room` (`id`),
  ADD CONSTRAINT `booking_ibfk_4` FOREIGN KEY (`activity_id`) REFERENCES `activity` (`name`);

--
-- Limiti per la tabella `class_activity`
--
ALTER TABLE `class_activity`
  ADD CONSTRAINT `class_activity_ibfk_1` FOREIGN KEY (`class_id`) REFERENCES `class` (`id`),
  ADD CONSTRAINT `class_activity_ibfk_2` FOREIGN KEY (`activity_id`) REFERENCES `activity` (`name`);

--
-- Limiti per la tabella `schedule`
--
ALTER TABLE `schedule`
  ADD CONSTRAINT `schedule_ibfk_1` FOREIGN KEY (`schedule_time_id`) REFERENCES `schedule_time` (`id`),
  ADD CONSTRAINT `schedule_ibfk_2` FOREIGN KEY (`teacher_id`) REFERENCES `teacher` (`id`),
  ADD CONSTRAINT `schedule_ibfk_3` FOREIGN KEY (`room_id`) REFERENCES `room` (`id`),
  ADD CONSTRAINT `schedule_ibfk_4` FOREIGN KEY (`class_id`) REFERENCES `class` (`id`);

--
-- Limiti per la tabella `student`
--
ALTER TABLE `student`
  ADD CONSTRAINT `student_ibfk_1` FOREIGN KEY (`user_id`) REFERENCES `users` (`email`);

--
-- Limiti per la tabella `student_in_class`
--
ALTER TABLE `student_in_class`
  ADD CONSTRAINT `student_in_class_ibfk_1` FOREIGN KEY (`class_id`) REFERENCES `class` (`id`),
  ADD CONSTRAINT `student_in_class_ibfk_2` FOREIGN KEY (`student_id`) REFERENCES `student` (`id`);

--
-- Limiti per la tabella `teacher`
--
ALTER TABLE `teacher`
  ADD CONSTRAINT `teacher_ibfk_1` FOREIGN KEY (`user_id`) REFERENCES `users` (`email`);

--
-- Limiti per la tabella `unavaileble`
--
ALTER TABLE `unavaileble`
  ADD CONSTRAINT `unavaileble_ibfk_1` FOREIGN KEY (`user_id`) REFERENCES `users` (`email`);

--
-- Limiti per la tabella `unavaileble_class`
--
ALTER TABLE `unavaileble_class`
  ADD CONSTRAINT `unavaileble_class_ibfk_1` FOREIGN KEY (`class_id`) REFERENCES `class` (`id`),
  ADD CONSTRAINT `unavaileble_class_ibfk_2` FOREIGN KEY (`unavaileble_id`) REFERENCES `unavaileble` (`id`);
COMMIT;

/*!40101 SET CHARACTER_SET_CLIENT=@OLD_CHARACTER_SET_CLIENT */;
/*!40101 SET CHARACTER_SET_RESULTS=@OLD_CHARACTER_SET_RESULTS */;
/*!40101 SET COLLATION_CONNECTION=@OLD_COLLATION_CONNECTION */;
